6	20	10	Xi0	GOVERNO DO ESTADO DE MATO GROSSO Secretaria de Estado de Planejamento e Gestão - SEPLAG - Imprensa Oficial - IOMAT  Código de Autenticidade: 1e46220b
8	20	10	Xi4	GOVERNO DO ESTADO DE MATO GROSSO Secretaria de Estado de Planejamento e Gestão - SEPLAG - Imprensa Oficial - IOMAT  Código de Autenticidade: 1e46220b
10	20	10	Xi5	GOVERNO DO ESTADO DE MATO GROSSO Secretaria de Estado de Planejamento e Gestão - SEPLAG - Imprensa Oficial - IOMAT  Código de Autenticidade: 1e46220b
12	20	10	Xi9	GOVERNO DO ESTADO DE MATO GROSSO Secretaria de Estado de Planejamento e Gestão - SEPLAG - Imprensa Oficial - IOMAT  Código de Autenticidade: 1e46220b
14	20	10	Xi1	GOVERNO DO ESTADO DE MATO GROSSO Secretaria de Estado de Planejamento e Gestão - SEPLAG - Imprensa Oficial - IOMAT  Código de Autenticidade: 1e46220b
16	20	10	Xi8	GOVERNO DO ESTADO DE MATO GROSSO Secretaria de Estado de Planejamento e Gestão - SEPLAG - Imprensa Oficial - IOMAT  Código de Autenticidade: 1e46220b
18	20	10	Xi3	GOVERNO DO ESTADO DE MATO GROSSO Secretaria de Estado de Planejamento e Gestão - SEPLAG - Imprensa Oficial - IOMAT  Código de Autenticidade: 1e46220b
20	20	10	Xi7	GOVERNO DO ESTADO DE MATO GROSSO Secretaria de Estado de Planejamento e Gestão - SEPLAG - Imprensa Oficial - IOMAT  Código de Autenticidade: 1e46220b
22	20	10	Xi2	GOVERNO DO ESTADO DE MATO GROSSO Secretaria de Estado de Planejamento e Gestão - SEPLAG - Imprensa Oficial - IOMAT  Código de Autenticidade: 1e46220b
24	20	10	Xi6	GOVERNO DO ESTADO DE MATO GROSSO Secretaria de Estado de Planejamento e Gestão - SEPLAG - Imprensa Oficial - IOMAT  Código de Autenticidade: 1e46220b
26	20	10	Xi10	GOVERNO DO ESTADO DE MATO GROSSO Secretaria de Estado de Planejamento e Gestão - SEPLAG - Imprensa Oficial - IOMAT  Código de Autenticidade: 1e46220b
27	537.2446	796.9143	TT0	Página 2  
27	54.9271	785.0419	TT1	1.3. Coordenadoria de Aqui
27	152.3334	785.0419	TT1	sições 
27	177.2318	785.0419	TT1	e Contratos
27	54.9271	776.1062	C2_0	1.3.1. GHUrQFLD GH ATXLVLoõHV
27	54.9271	767.1706	C2_0	1.3.2. GHUrQFLD GH CRQtUDtRV
27	54.9271	758.2349	C2_0	1.3.3. 1úFOHR GH GHVtmR GH CRQvrQLRV
27	54.9271	749.2993	TT1	1.4. Coordenadoria de Infraestrutura
27	54.9271	740.3636	C2_0	1.4.1. GHUrQFLD GH 2EUDV H (QJHQKDULD
27	54.9271	731.428	C2_0	1.4.2. GHUrQFLD GH 0DQXtHQomR 3UHGLDO
27	54.9271	722.4923	C2_0	1.5. CRRUGHQDGRULD GH 7HFQRORJLD GD ,QIRUPDomR
27	54.4271	713.5567	C2_0	1.5.1. GHUrQFLD GH 6XSRUtH 7pFQLFR
27	54.4271	704.621	C2_0	1.5.2. GHUrQFLD GH 5HGHV
27	54.4271	695.6854	C2_0	1.5.3. GHUrQFLD GH DHVHQvROvLPHQtR GH 6LVtHPDV
27	54.4271	677.8141	C2_1	9, - 1Í9(/ D( (;(C8dÃ2 352G5A0Á7,CA
27	54.4271	659.9428	TT1	1. Diretoria de Criminalística
27	54.4271	651.0071	TT1	1.1. Coordenadoria de Perícias Internas
27	54.4271	642.0715	C2_0	1.1.1. GHUrQFLD GH 3HUtFLDV GH BDOtVtLFD
27	54.4271	633.1359	C2_0	1.1.2. GHUrQFLD GH 3HUtFLDV GH DRFXPHQtRVFRSLD
27	54.4271	624.2002	C2_0	1.1.3. GHUrQFLD GH 3HUtFLDV GH ,GHQtLfiFDomR 9HLFXODU
27	54.4271	615.2645	C2_0	1.1.4. GHUrQFLD GH 3HUtFLDV GH CRPSXtDomR )RUHQVH
27	54.4271	606.3289	C2_0	1.1.5. GHUrQFLD GH 3HUtFLDV HP 9HVttJLRV GH ,PSUHVVõHV GH 3HOH
27	54.4271	597.3932	C2_0	1.1.6. GHUrQFLD GH 3HUtFLDV HP ÁXGLR H 9tGHR
27	54.4271	588.4576	C2_0	1.1.7. GHUrQFLD GH 3HUtFLDV CRQtiEHLV H )LQDQFHLUDV
27	54.4271	579.522	TT1	1.2. Coordenadoria de Perícias Externas
27	54.4271	570.5863	C2_0	1.2.1. GHUrQFLD GH 3HUtFLDV HP CULPHV GH 7UkQVLtR
27	54.4271	561.6506	C2_0	1.2.2. GHUrQFLD GH 3HUtFLDV HP 0RUtHV 9LROHQtDV
27	54.4271	552.715	C2_0	1.2.3. GHUrQFLD GH 3HUtFLDV HP CULPHV CRQtUD R 3DtULPôQLR
27	54.4271	543.7794	C2_0	1.2.4. GHUrQFLD GH 3HUtFLDV GH 0HLR APELHQtH
27	54.4271	534.8437	C2_0	1.2.5. GHUrQFLD GH 3HUtFLDV GH (QJHQKDULD /HJDO
27	54.4271	525.9081	C2_0	1.2.6. GHUrQFLD GH 3HUtFLDV GH 0HGLFLQD 9HtHULQiULD
27	54.4271	516.9724	C2_0	1.3. 1úFOHR GH ASRLR 2SHUDFLRQDO GH CULPLQDOtVtLFD
27	54.4271	508.0368	C2_0	1.4. 1úFOHR GH CXVtyGLD H /RJtVtLFD GH CULPLQDOtVtLFD
27	54.4271	490.1655	C2_0	2. DLUHtRULD GH 0HGLFLQD /HJDO
27	54.4271	481.2298	TT1	2.1. Coordenadoria de Perícias em Vivos
27	54.4271	472.2942	C2_0	2.1.1. GHUrQFLD GH 3HUtFLDV HP 9ttLPDV GH 9LROrQFLD 6HxXDO H GH 
27	54.4271	463.3585	C2_0	GrQHUR
27	54.4271	454.4229	C2_0	2.1.2. GHUrQFLD GH 3HUtFLDV HP 3VLTXLDtULD )RUHQVH
27	54.4271	445.4872	C2_0	2.2. CRRUGHQDGRULD GH 3HUtFLDV HP 0RUtRV
27	54.4271	436.5516	C2_0	2.2.1. GHUrQFLD GH 1HFURSVLD
27	54.4271	427.6159	C2_0	2.2.2. GHUrQFLD GH AQtURSRORJLD
27	54.4271	418.6803	C2_0	2.2.3. GHUrQFLD GH HLVtRSDtRORJLD
27	54.4271	409.7446	C2_0	2.3. GHUrQFLD GH AtHQGLPHQtR H 3URFHVVDPHQtR GH DRFXPHQtRV
27	54.4271	400.809	C2_0	2.4. 1úFOHR GH ASRLR 2SHUDFLRQDO GH 0HGLFLQD /HJDO
27	54.4271	391.8734	C2_0	2.5. 1úFOHR GH CXVtyGLD H /RJtVtLFD GH 0HGLFLQD /HJDO
27	54.4271	374.002	C2_0	3. DLUHtRULD GH /DERUDtyULR )RUHQVH
27	54.4271	365.0664	C2_0	3.1. CRRUGHQDGRULD GH 3HUtFLDV HP BLRORJLD 0ROHFXODU
27	54.4271	356.1307	C2_0	3.1.1. GHUrQFLD 7pFQLFD
27	54.4271	347.1951	C2_0	3.1.2. GHUrQFLD GH 4XDOLGDGH HP BLRORJLD 0ROHFXODU
27	54.4271	338.2595	C2_0	3.2. CRRUGHQDGRULD GR /DERUDtyULR GH 0DtHULDLV
27	54.4271	329.3238	C2_0	3.2.1. GHUrQFLD GH 3HUtFLDV HP 4XtPLFD )RUHQVH
27	54.4271	320.3882	C2_0	3.2.2. GHUrQFLD GH 3HUtFLDV HP 7RxLFRORJLD )RUHQVH
27	54.4271	311.4525	C2_0	3.2.3. GHUrQFLD GH 3HUtFLDV HP (QtRUSHFHQtHV
27	54.4271	302.5168	C2_0	3.3. 1úFOHR GH ASRLR 2SHUDFLRQDO GR /DERUDtyULR )RUHQVH
27	54.4271	293.5812	C2_0	3.4. 1úFOHR GH CXVtyGLD H /RJtVtLFD GR /DERUDtyULR )RUHQVH
27	54.4271	275.7099	C2_0	4. DLUHtRULD GH ,GHQtLfiFDomR 7pFQLFD
27	54.4271	266.7743	C2_0	4.1. CRRUGHQDGRULD GH ,GHQtLfiFDomR CULPLQDO
27	54.4271	257.8386	C2_0	4.1.1. GHUrQFLD GH ,QIRUPDomR CULPLQDO
27	54.4271	248.903	C2_0	4.1.2. GHUrQFLD GH BDQFR GH DDGRV GH 3DGUõHV
27	54.4271	239.9673	C2_0	4.2. CRRUGHQDGRULD GH ,GHQtLfiFDomR CLvLO
27	54.4271	231.0317	C2_0	4.2.1. GHUrQFLD GH 3URFHVVDPHQtR CLvLO
27	54.4271	222.096	C2_0	4.2.2. GHUrQFLD GH AtHQGLPHQtR 9RODQtH
27	54.4271	213.1604	C2_0	4.2.3. GHUrQFLD GH 3RVtRV GH ,GHQtLfiFDomR
27	54.4271	204.2247	C2_0	4.3. GHUrQFLD GH ,GHQtLfiFDomR ,QtHJUDGR
27	54.4271	195.2891	C2_0	4.4. 1úFOHR GH ASRLR 2SHUDFLRQDO GH ,GHQtLfiFDomR 7pFQLFD
27	54.4271	177.4178	C2_0	5. CRRUGHQDGRULD GH CXVtyGLD GH (vLGrQFLDV
27	54.3771	168.4821	C2_0	5.1. GHUrQFLD GH CXVtyGLD DHfiQLtLvD
27	54.3771	159.5465	C2_0	5.2. GHUrQFLD GH /RJtVtLFD GH 9HVttJLRV
27	54.3771	141.6752	C2_0	6. 1úFOHR GH ,GHQtLfiFDomR HXPDQD H DHVDSDUHFLGRV
27	54.3771	132.7396	C2_0	7. 1úFOHR GH AtXDoõHV (VSHFLDLV
27	54.3771	123.8039	C2_0	8. 1úFOHR ,QtHJUDGR GH 2FRUUrQFLDV (xtHUQDV
27	54.4271	105.9326	C2_1	9,, - 1Í9(/ D( AD0,1,675AdÃ2 5(G,21A/,ZADA
27	54.4271	88.0613	TT1	1. Diretoria de Interiorização
27	54.4271	79.1257	C2_0	1.1. CRRUGHQDGRULD 5HJLRQDO 1 - 5RQGRQySROLV
27	54.4271	70.19	C2_0	1.1.1. GHUrQFLD GH CULPLQDOtVtLFD GH 5RQGRQySROLV
27	54.4271	61.2543	C2_0	1.1.2. GHUrQFLD GH 0HGLFLQD /HJDO GH 5RQGRQySROLV
27	54.4271	52.3187	C2_0	1.1.3. GHUrQFLD GH ,GHQtLfiFDomR 7pFQLFD GH 5RQGRQySROLV
27	54.4271	43.3831	C2_0	1.1.4. GHUrQFLD 5HJLRQDO GH 3ULPDvHUD GR /HVtH
27	54.4271	34.4474	C2_0	1.1.5. GHUrQFLD 5HJLRQDO GH AOtR AUDJXDLD
27	54.4271	25.5118	C2_0	1.2. CRRUGHQDGRULD 5HJLRQDO 2 - BDUUD GR GDUoDV
27	337.8917	785.0419	C2_0	1.2.1. GHUrQFLD GH CULPLQDOtVtLFD GH BDUUD GR GDUoDV
27	337.8917	776.1204	C2_0	1.2.2. GHUrQFLD GH 0HGLFLQD /HJDO GH BDUUD GR GDUoDV
27	337.8917	767.1988	C2_0	1.2.3. GHUrQFLD GH ,GHQtLfiFDomR 7pFQLFD GH BDUUD GR GDUoDV
27	337.8917	758.2773	C2_0	1.2.4. GHUrQFLD 5HJLRQDO GH ÁJXD BRD
27	337.8917	749.3558	C2_0	1.2.5. GHUrQFLD 5HJLRQDO GH CRQIUHVD
27	337.8917	731.5127	C2_0	1.3. CRRUGHQDGRULD 5HJLRQDO 3 - CiFHUHV
27	337.8917	722.5912	C2_0	1.3.1. GHUrQFLD GH CULPLQDOtVtLFD GH CiFHUHV
27	337.8917	713.6696	C2_0	1.3.2. GHUrQFLD GH 0HGLFLQD /HJDO GH CiFHUHV
27	337.8917	704.7481	C2_0	1.3.3. GHUrQFLD GH ,GHQtLfiFDomR 7pFQLFD GH CiFHUHV
27	337.8917	695.8265	C2_0	1.3.4. GHUrQFLD 5HJLRQDO GH 3RQtHV H /DFHUGD
27	337.8917	677.9835	C2_0	1.4. CRRUGHQDGRULD 5HJLRQDO 4 - 6LQRS
27	337.8917	669.062	C2_0	1.4.1. GHUrQFLD GH CULPLQDOtVtLFD GH 6LQRS
27	337.8917	660.1404	C2_0	1.4.2. GHUrQFLD GH 0HGLFLQD /HJDO GH 6LQRS
27	337.8917	651.2189	C2_0	1.4.3. GHUrQFLD GH ,GHQtLfiFDomR 7pFQLFD GH 6LQRS
27	337.8917	642.2974	C2_0	1.4.4. GHUrQFLD 5HJLRQDO GH AOtD )ORUHVtD
27	337.8917	633.3759	C2_0	1.4.5. GHUrQFLD 5HJLRQDO GH GXDUDQtm GR 1RUtH
27	337.8917	624.4543	C2_0	1.4.6. GHUrQFLD 5HJLRQDO GH 6RUULVR
27	337.8917	606.6113	C2_0	1.5. CRRUGHQDGRULD 5HJLRQDO 5 - 7DQJDUi GD 6HUUD
27	337.8917	597.6897	C2_0	1.5.1. GHUrQFLD GH CULPLQDOtVtLFD GH 7DQJDUi GD 6HUUD
27	337.8917	588.7682	C2_0	1.5.2. GHUrQFLD GH 0HGLFLQD /HJDO GH 7DQJDUi GD 6HUUD
27	337.8917	579.8467	C2_0	1.5.3. GHUrQFLD GH ,GHQtLfiFDomR 7pFQLFD GH 7DQJDUi GD 6HUUD
27	337.8917	570.9251	C2_0	1.5.4. GHUrQFLD 5HJLRQDO GH -XtQD
27	337.8917	562.0036	C2_0	1.5.5. GHUrQFLD 5HJLRQDO GH -XDUD
27	337.8917	544.1605	C2_0	1.6. CRRUGHQDGRULD 5HJLRQDO 6 - 1RvD 0XtXP
27	337.8917	535.239	C2_0	1.6.1. GHUrQFLD CULPLQDOtVtLFD GH 1RvD 0XtXP
27	337.8917	526.3175	C2_0	1.6.2. GHUrQFLD GH 0HGLFLQD /HJDO GH 1RvD 0XtXP
27	337.8917	517.3959	C2_0	1.6.3. GHUrQFLD GH ,GHQtLfiFDomR 7pFQLFD GH 1RvD 0XtXP
27	337.8917	508.4744	C2_0	1.6.4. GHUrQFLD 5HJLRQDO GH DLDPDQtLQR
27	337.8917	499.5529	C2_0	1.6.5. GHUrQFLD 5HJLRQDO GH /XFDV GR 5LR 9HUGH
27	338.3917	481.7098	TT2	Art.
27	354.0417	481.7098	TT2	4º
27	361.4128	481.7098	C2_0	 2V FDUJRV HP FRPLVVmR H IXQoõHV GH FRQfiDQoD LQtHJUDQtHV 
27	306.1417	472.7883	C2_0	GD ORtDomR GD 3HUtFLD 2fiFLDO H ,GHQtLfiFDomR 7pFQLFD - 32/,7(C VmR 
27	306.1417	463.8668	TT1	os constituídos dos Anexos I e II, deste Decreto, com a distribuição, 
27	306.1417	454.9452	C2_0	GHQRPLQDomR H TXDQtLfiFDomR DOL SUHvLVtDV H HVtDEHOHFLGDV QDV /HLV TXH 
27	306.1417	446.0237	C2_0	GHUDP RULJHP DRV UHIHULGRV FDUJRV H IXQoõHV, RUD UHPDQHMDGRV H/RX 
27	306.1417	437.1022	C2_0	tUDQVIRUPDGRV VHP DXPHQtR GH GHVSHVDV, QRV tHUPRV GD /HL CRPSOHPHQtDU 
27	306.1417	428.1806	C2_0	Qº 266, GH 29 GH GHzHPEUR GH 2006.
27	337.8917	410.3376	TT2	Art.
27	353.2962	410.3376	TT2	5º
27	360.6673	410.3376	C2_0	 2V FDUJRV HP FRPLVVmR H IXQoõHV GH FRQfiDQoD VmR FULDGRV, 
27	306.1417	401.416	C2_0	HxFOXVLvDPHQtH, SRU OHL, IDFXOtDGR DR CKHIH GR 3RGHU (xHFXtLvR, PHGLDQtH 
27	306.1417	392.4945	C2_0	DHFUHtR GRvHUQDPHQtDO, R UHPDQHMDPHQtR, D tUDQVIRUPDomR H D DOtHUDomR 
27	306.1417	383.573	C2_0	GD QRPHQFODtXUD, vHGDGR DXPHQtR GDV GHVSHVDV, FRQIRUPH GLVSRVtR QR DUt. 
27	306.1417	374.6515	C2_0	4º GD /HL CRPSOHPHQtDU Qº 266, GH 29 GH GHzHPEUR GH 2006.
27	337.8917	356.8084	TT2	Art.
27	356.2975	356.8084	TT2	6º
27	363.6685	356.8084	C2_0	 AV 8QLGDGHV AGPLQLVtUDtLvDV GLVSRVtDV QRV LQFLVRV ,,,, 
27	306.1417	347.8869	C2_0	,9, 9, 9, H 9,, GR DUtLJR 3º, GHVtH DHFUHtR, SRVVXHP vtQFXOR KLHUiUTXLFR 
27	306.1417	338.9653	C2_0	H DGPLQLVtUDtLvR FRP D DLUHtRULD GHUDO GD 3HUtFLD 2fiFLDO H ,GHQtLfiFDomR 
27	306.1417	330.0438	C2_0	7pFQLFD - 32/,7(C.
27	337.8917	312.2007	TT2	Art.
27	354.153	312.2007	TT2	7º
27	361.524	312.2007	C2_0	 ,QFXPEH DR DLUHtRU-GHUDO GD 3HUtFLD 2fiFLDO H ,GHQtLfiFDomR 
27	306.1417	303.2792	C2_0	7pFQLFD - 32/,7(C, HGLtDU R 5HJLPHQtR ,QtHUQR QR SUDzR GH 150 (FHQtR H 
27	306.1417	294.3577	C2_0	FLQTXHQtD) GLDV, HP FRQIRUPLGDGH FRP R DHFUHtR Qº 1.684, GH 10 GH RXtXEUR 
27	306.1417	285.4362	TT1	de 2018.
27	337.8917	267.5931	TT2	Art.
27	353.721	267.5931	TT2	8º
27	361.0921	267.5931	C2_0	 )LFD GHtHUPLQDGR TXH p GH UHVSRQVDELOLGDGH GD XQLGDGH GH 
27	306.1417	258.6716	C2_0	JHVtmR GH SHVVRDV GR yUJmR, QR SUDzR PixLPR GH 10 (GHz) GLDV, SURPRvHU 
27	306.1417	249.75	C2_0	D ORtDomR GRV VHUvLGRUHV QDV XQLGDGHV vLJHQtHV.
27	331.5417	231.907	TT2	Art.
27	347.297	231.907	TT2	9º
27	354.6681	231.907	C2_0	 2V DtRV GH QRPHDomR H HxRQHUDomR GHvHUmR IDzHU UHIHUrQFLD 
27	306.1417	222.9854	C2_0	HxSUHVVD j 8QLGDGH AGPLQLVtUDtLvD RQGH VHUmR QRPHDGRV RX HxRQHUDGRV 
27	306.1417	214.0639	C2_0	RV RFXSDQtHV GRV FDUJRV HP FRPLVVmR RX IXQoõHV GH FRQfiDQoD.
27	338.3917	196.2208	TT2	Art.
27	354.3917	196.2208	TT2	10
27	363.2902	196.2208	C2_0	 (VtH DHFUHtR HQtUD HP vLJRU HP 1º GH RXtXEUR GH 2026.
27	338.3917	178.3778	TT2	Art.
27	354.3917	178.3778	TT2	11
27	362.8488	178.3778	C2_0	 5HvRJD-VH R DHFUHtR Qº 2.180, GH 26 GH MXQKR GH 2026.
27	337.8917	160.5347	C2_0	3DOiFLR 3DLDJXiV, HP CXLDEi-07,  11  GH  VHtHPEUR  GH 2026.
27	401.1474	142.6917	C2_1	27A9,A12 3,9(77A
27	399.122	133.7701	TT3	Governador do Estado
27	383.5888	115.9271	C2_1	AD-A,0( 5A026 D( 628ZA
27	383.3466	107.0056	TT3	Secretário -Chefe da Casa Civil
27	349.8076	89.1625	C2_1	BA6Í/,2 B(Z(55A G8,0A5A(6 D26 6A1726
27	353.538	80.241	TT3	Secretário de Estado de Planejamento e Gestão
27	385.2216	62.3979	C2_1	C(/.30 686A1( 7A0A1H2
27	361.7646	53.3763	TT3	Secretária de Estado de Segurança Pública
27	386.4755	35.3333	C2_1	-A,0( 75(9,ZA1 7(,;(,5A
27	392.6884	25.5118	TT3	Diretor G
27	425.1376	25.5118	TT3	eral da POLITEC
30	537.2446	796.9786	TT0	Página 3  
30	22.6772	785.0419	C2_0	A1(;2 ,
30	22.6772	772.6231	C2_0	D,675,B8,dÃ2 D( CA5G26 (0 C20,66Ã2 ( )81dÕ(6 D( 
30	22.6772	760.2043	C2_0	C21),A1dA 1A (6758785A 25GA1,ZAC,21A/
30	25.6368	737.111	C2_0	81,DAD(
30	101.1775	737.111	C2_0	6,0B2/2G,A 5(081(
30	174.4507	737.111	TT1	-
30	101.1775	728.711	C2_0	5A7Ó5,A
30	184.485	737.111	C2_0	48A17,DAD(
30	184.485	726.3456	TT1	CARGO
30	236.0822	726.3456	C2_0	)81dÃ2
30	25.6368	715.5801	C2_0	1Í9(/ D( D(C,6Ã2 C2/(G,ADA 
30	25.6368	704.8146	C2_0	1. CRQVHOKR GH 3ROttLFD CLHQttILFD H 7HFQROyJLFD
30	25.6368	694.0491	C2_0	1Í9(/ D( D,5(dÃ2 683(5,25
30	25.6368	683.2836	C2_0	1. DLUHtRULD-GHUDO GD 32/,7(C
30	25.6368	672.5181	TT2	- Diretor-Geral
30	101.1775	672.5181	TT2	DGA-2
30	184.485	672.5181	TT2	-
30	236.0822	672.5181	TT2	1
30	25.6368	661.7527	C2_1	- AVVLVtHQtH 7pFQLFR ,
30	101.1775	661.7527	TT2	DGA-8
30	184.485	661.7527	TT2	1
30	236.0822	661.7527	TT2	-
30	25.6368	650.9872	C2_0	1.1. DLUHtRULD-GHUDO AGMXQtD GD 32/,7(C
30	25.6368	640.2217	C2_1	- DLUHtRU-GHUDO AGMXQtR 
30	25.6368	631.8217	TT2	da Politec
30	101.1775	640.2217	TT2	DGA-3
30	184.485	640.2217	TT2	-
30	236.0822	640.2217	TT2	1
30	25.6368	621.0562	C2_1	- AVVLVtHQtH 7pFQLFR ,
30	101.1775	621.0562	TT2	DGA-8
30	184.485	621.0562	TT2	1
30	236.0822	621.0562	TT2	-
30	25.6368	610.2907	C2_0	1Í9(/ D( A32,2 (675A7eG,C2 ( (63(C,A/,ZAD2
30	25.6368	599.5253	C2_0	1. CRUUHJHGRULD-GHUDO GD 32/,7(C
30	25.6368	588.7598	C2_1	- CRUUHJHGRU-GHUDO GD 
30	25.6368	580.3597	TT2	Politec
30	101.1775	588.7598	TT2	DGA-4
30	184.485	588.7598	TT2	-
30	236.0822	588.7598	TT2	1
30	25.6368	569.5942	C2_0	2. 2XvLGRULD GD 32/,7(C
30	25.6368	558.8288	TT2	- Ouvidor
30	101.1775	558.8288	TT2	DGA-5
30	184.485	558.8288	TT2	-
30	236.0822	558.8288	TT2	1
30	25.6368	548.0633	C2_0	2.1. 1úFOHR GH AtHQGLPHQtR DR CLGDGmR 
30	25.6368	537.2979	C2_1	- CKHIH GH 1úFOHR ,,
30	101.1775	537.2979	TT2	DGA-8
30	184.485	537.2979	TT2	1
30	236.0822	537.2979	TT2	-
30	25.6368	526.5323	C2_0	3. CRPLVVmR GH etLFD
30	25.6368	515.7668	C2_0	4. 8QLGDGH GH GHVtmR (xHFXtLvD
30	25.6368	505.0014	TT2	- Chefe de Unidade I
30	101.1775	505.0014	TT2	DGA-3
30	184.485	505.0014	TT2	1
30	236.0822	505.0014	TT2	-
30	25.6368	494.2359	C2_1	- GHVtRU GH 3URMHtRV 
30	25.6368	485.8359	C2_1	(VSHFLDOLzDGRV QtvHO ,,
30	101.1775	494.2359	TT2	DGA-3
30	184.485	494.2359	TT2	1
30	236.0822	494.2359	TT2	-
30	25.6368	475.0704	C2_1	- AVVLVtHQtH 7pFQLFR ,
30	101.1775	475.0704	TT2	DGA-8
30	184.485	475.0704	TT2	1
30	236.0822	475.0704	TT2	-
30	25.6368	464.3049	C2_0	5. CRRUGHQDGRULD GH ,QtHOLJrQFLD H 6HJXUDQoD 2UJkQLFD
30	25.6368	453.5395	TT2	- Coordenador
30	101.1775	453.5395	TT2	DGA-5
30	184.485	453.5395	TT2	-
30	236.0822	453.5395	TT2	1
30	25.6368	442.774	C2_1	- AJHQtH GH ,QtHOLJrQFLD
30	101.1775	442.774	TT2	DGA-9
30	184.485	442.774	TT2	-
30	236.0822	442.774	TT2	4
30	25.6368	432.0085	TT1	5.1. Núcleo de 
30	25.6368	423.6085	C2_0	,QtHOLJrQFLD
30	25.6368	412.843	C2_1	- CKHIH GH 1úFOHR ,,
30	101.1775	412.843	TT2	DGA-8
30	184.485	412.843	TT2	-
30	236.0822	412.843	TT2	1
30	25.6368	402.0775	TT1	5.2. Núcleo de 
30	25.6368	393.6775	C2_0	6HJXUDQoD 2UJkQLFD
30	25.6368	382.912	C2_1	- CKHIH GH 1úFOHR ,,
30	101.1775	382.912	TT2	DGA-8
30	184.485	382.912	TT2	-
30	236.0822	382.912	TT2	1
30	25.6368	372.1465	C2_0	6. DLUHtRULD GH AoõHV 
30	25.6368	363.7466	C2_0	(VtUDtpJLFDV
30	25.6368	352.9811	TT2	- Diretor da Politec
30	101.1775	352.9811	TT2	DGA-4
30	184.485	352.9811	TT2	-
30	236.0822	352.9811	TT2	1
30	25.6368	342.2156	C2_1	- AVVHVVRU 7pFQLFR ,,
30	101.1775	342.2156	TT2	DGA-5
30	184.485	342.2156	TT2	1
30	236.0822	342.2156	TT2	-
30	25.6368	331.4501	C2_0	6.1. CRRUGHQDGRULD GD AFDGHPLD GH CLrQFLDV )RUHQVHV
30	25.6368	320.6846	TT2	- Coordenador
30	101.1775	320.6846	TT2	DGA-5
30	184.485	320.6846	TT2	-
30	236.0822	320.6846	TT2	1
30	25.6368	309.9191	C2_0	6.1.1. GHUrQFLD GH 
30	25.6368	301.5191	C2_0	)RUPDomR ,QLFLDO H 
30	25.6368	293.1191	TT1	Continuada
30	25.6368	282.3537	TT2	- Gerente
30	101.1775	282.3537	TT2	DGA-6
30	184.485	282.3537	TT2	1
30	236.0822	282.3537	TT2	-
30	25.6368	271.5882	TT1	6.1.2. Núcleo 
30	25.6368	263.1882	TT1	de Pesquisa 
30	25.6368	254.7882	C2_0	(xSHULPHQtDO
30	25.6368	244.0227	C2_1	- CKHIH GH 1úFOHR ,,
30	101.1775	244.0227	TT2	DGA-8
30	184.485	244.0227	TT2	-
30	236.0822	244.0227	TT2	1
30	25.6368	233.2572	TT1	6.1.3. Núcleo de 
30	25.6368	224.8572	C2_0	(GXFDomR )tVLFD
30	25.6368	214.0917	C2_1	- CKHIH GH 1úFOHR ,,
30	101.1775	214.0917	TT2	DGA-8
30	184.485	214.0917	TT2	1
30	236.0822	214.0917	TT2	-
30	25.6368	203.3262	TT1	6.2. Coordenadoria 
30	25.6368	194.9262	TT1	de Planejamento 
30	25.6368	186.5262	C2_0	(VtUDtpJLFR
30	25.6368	175.7607	TT2	- Coordenador
30	101.1775	175.7607	TT2	DGA-5
30	184.485	175.7607	TT2	1
30	236.0822	175.7607	TT2	-
30	25.6368	164.9953	C2_0	6.2.1. GHUrQFLD GH 
30	25.6368	156.5953	C2_0	3URMHtRV H ,QRvDomR
30	25.6368	145.8298	TT2	- Gerente
30	101.1775	145.8298	TT2	DGA-6
30	184.485	145.8298	TT2	1
30	236.0822	145.8298	TT2	-
30	25.6368	135.0643	TT1	6.3. Coordenadoria de 
30	25.6368	126.6643	TT1	Qualidade
30	25.6368	115.8988	TT2	- Coordenador
30	101.1775	115.8988	TT2	DGA-5
30	184.485	115.8988	TT2	-
30	236.0822	115.8988	TT2	1
30	25.6368	105.1334	C2_1	- AVVLVtHQtH 7pFQLFR ,
30	101.1775	105.1334	TT2	DGA-8
30	184.485	105.1334	TT2	1
30	236.0822	105.1334	TT2	-
30	25.6368	94.3679	C2_0	6.3.1. GHUrQFLD GH 
30	25.6368	85.9679	C2_0	CHUtLILFDomR GH 
30	25.6368	77.5679	TT1	Equipamentos
30	25.6368	66.8024	TT2	- Gerente
30	101.1775	66.8024	TT2	DGA-6
30	184.485	66.8024	TT2	1
30	236.0822	66.8024	TT2	-
30	25.6368	56.0369	TT1	6.3.2. Núcleo de 
30	25.6368	47.6369	TT1	Normas e Procedi
30	82.1843	47.6369	TT1	-
30	25.6368	39.2369	TT1	mentos
30	25.6368	28.4714	C2_1	- CKHIH GH 1úFOHR ,,
30	101.1775	28.4714	TT2	DGA-8
30	184.485	28.4714	TT2	1
30	236.0822	28.4714	TT2	-
30	309.1014	782.8102	TT1	6.3.3. Núcleo de 
30	309.1014	774.4102	C2_0	,QIRUPDoõHV ,QVtLtX
30	370.4383	774.4102	TT1	-
30	309.1014	766.0103	TT1	cionais
30	309.1014	755.2448	C2_1	- CKHIH GH 1úFOHR ,,
30	384.6421	755.2448	TT2	DGA-8
30	467.9495	755.2448	TT2	1
30	519.5468	755.2448	TT2	-
30	309.1014	744.4793	C2_0	1Í9(/ D( A66(6625A0(172 683(5,25
30	309.1014	733.7138	C2_0	1. GDELQHtH GH DLUHomR
30	309.1014	722.9483	TT2	- Chefe de Gabinete
30	384.6421	722.9483	TT2	DGA-5
30	467.9495	722.9483	TT2	1
30	519.5468	722.9483	TT2	-
30	309.1014	712.1829	C2_1	- AVVHVVRU 7pFQLFR ,,,
30	384.6421	712.1829	TT2	DGA-6
30	467.9495	712.1829	TT2	1
30	519.5468	712.1829	TT2	-
30	309.1014	701.4174	C2_0	2. 8QLGDGH GH AVVHVVRULD
30	309.1014	690.6519	C2_1	- AVVHVVRU 7pFQLFR ,,,
30	384.6421	690.6519	TT2	DGA-6
30	467.9495	690.6519	TT2	1
30	519.5468	690.6519	TT2	-
30	309.1014	679.8864	C2_1	- AVVLVtHQtH 7pFQLFR ,
30	384.6421	679.8864	TT2	DGA-8
30	467.9495	679.8864	TT2	2
30	519.5468	679.8864	TT2	-
30	309.1014	669.1209	TT2	- Assistente de Direção
30	384.6421	669.1209	TT2	DGA-10
30	467.9495	669.1209	TT2	-
30	519.5468	669.1209	TT2	2
30	309.1014	658.3554	C2_0	3. 8QLGDGH (VtUDtpJLFD CRQVXOtLvD GH 6HJXUDQoD 3úEOLFD
30	309.1014	647.59	C2_1	-CRQVXOtRU (VtUDtpJLFR 
30	309.1014	639.1899	TT2	Institucional de 
30	309.1014	630.79	C2_1	6HJXUDQoD 3úEOLFD
30	384.6421	647.59	TT2	DGA-2
30	467.9495	647.59	TT2	-
30	519.5468	647.59	TT2	2
30	309.1014	620.0245	C2_0	1Í9(/ D( AD0,1,675AdÃ2 6,67Ç0,CA
30	309.1014	609.259	TT1	1. Diretoria de Admi
30	371.6755	609.259	TT1	-
30	309.1014	600.8589	C2_0	QLVtUDomR 6LVtrPLFD
30	309.1014	590.0935	TT2	- Diretor da Politec
30	384.6421	590.0935	TT2	DGA-4
30	467.9495	590.0935	TT2	-
30	519.5468	590.0935	TT2	1
30	309.1014	579.328	C2_1	- AVVHVVRU 7pFQLFR ,,
30	384.6421	579.328	TT2	DGA-5
30	467.9495	579.328	TT2	1
30	519.5468	579.328	TT2	-
30	309.1014	568.5625	C2_0	1.1. GHUrQFLD GH 
30	309.1014	560.1625	C2_0	6XSRUtH j GHVtmR GH 
30	309.1014	551.7625	TT1	Pessoas
30	309.1014	540.9971	TT2	- Gerente
30	384.6421	540.9971	TT2	DGA-6
30	467.9495	540.9971	TT2	1
30	519.5468	540.9971	TT2	-
30	309.1014	530.2316	TT1	1.2. Coordenadoria de 
30	309.1014	521.8315	C2_0	3DtULPôQLR H 6HUvLoRV
30	309.1014	511.066	TT2	- Coordenador
30	384.6421	511.066	TT2	DGA-5
30	467.9495	511.066	TT2	1
30	519.5468	511.066	TT2	-
30	309.1014	500.3006	C2_0	1.2.1. GHUrQFLD GH 
30	309.1014	491.9006	TT1	Transporte
30	309.1014	481.1351	TT2	- Gerente
30	384.6421	481.1351	TT2	DGA-6
30	467.9495	481.1351	TT2	1
30	519.5468	481.1351	TT2	-
30	309.1014	470.3696	C2_0	1.2.2. GHUrQFLD GH 
30	309.1014	461.9696	TT1	Patrimônio
30	309.1014	451.2042	TT2	- Gerente
30	384.6421	451.2042	TT2	DGA-6
30	467.9495	451.2042	TT2	1
30	519.5468	451.2042	TT2	-
30	309.1014	440.4387	C2_0	1.2.3. GHUrQFLD GH 
30	309.1014	432.0387	C2_0	AOPRxDULIDGR
30	309.1014	421.2732	TT2	- Gerente
30	384.6421	421.2732	TT2	DGA-6
30	467.9495	421.2732	TT2	1
30	519.5468	421.2732	TT2	-
30	309.1014	410.5077	C2_0	1.2.4. GHUrQFLD GH 
30	309.1014	402.1077	C2_0	0DtHULDLV BpOLFRV
30	309.1014	391.3422	TT2	- Gerente
30	384.6421	391.3422	TT2	DGA-6
30	467.9495	391.3422	TT2	-
30	519.5468	391.3422	TT2	1
30	309.1014	380.5767	C2_0	1.2.5. GHUrQFLD GH 
30	309.1014	372.1767	TT1	Protocolo e Arquivo
30	309.1014	361.4113	TT2	- Gerente
30	384.6421	361.4113	TT2	DGA-6
30	467.9495	361.4113	TT2	1
30	519.5468	361.4113	TT2	-
30	309.1014	350.6458	TT1	1.3. Coordenadoria 
30	309.1014	342.2458	C2_0	GH ATXLVLoõHV H 
30	309.1014	333.8458	TT1	Contratos
30	309.1014	323.0803	TT2	- Coordenador
30	384.6421	323.0803	TT2	DGA-5
30	467.9495	323.0803	TT2	1
30	519.5468	323.0803	TT2	-
30	309.1014	312.3148	C2_0	1.3.1. GHUrQFLD GH 
30	309.1014	303.9148	C2_0	ATXLVLoõHV
30	309.1014	293.1493	TT2	- Gerente
30	384.6421	293.1493	TT2	DGA-6
30	467.9495	293.1493	TT2	1
30	519.5468	293.1493	TT2	-
30	309.1014	282.3839	C2_0	1.3.2. GHUrQFLD GH 
30	309.1014	273.9839	TT1	Contratos
30	309.1014	263.2184	TT2	- Gerente
30	384.6421	263.2184	TT2	DGA-6
30	467.9495	263.2184	TT2	1
30	519.5468	263.2184	TT2	-
30	309.1014	252.4529	TT1	1.3.3. Núcleo de 
30	309.1014	244.0529	C2_0	GHVtmR GH CRQvrQLRV
30	309.1014	233.2874	C2_1	- CKHIH GH 1úFOHR ,,
30	384.6421	233.2874	TT2	DGA-8
30	467.9495	233.2874	TT2	1
30	519.5468	233.2874	TT2	-
30	309.1014	222.5219	TT1	1.4. Coordenadoria de 
30	309.1014	214.1219	C2_0	,QIUDHVtUXtXUD
30	309.1014	203.3564	TT2	- Coordenador
30	384.6421	203.3564	TT2	DGA-5
30	467.9495	203.3564	TT2	1
30	519.5468	203.3564	TT2	-
30	309.1014	192.5909	C2_0	1.4.1. GHUrQFLD GH 
30	309.1014	184.1909	TT1	Obras e Engenharia
30	309.1014	173.4255	TT2	- Gerente
30	384.6421	173.4255	TT2	DGA-6
30	467.9495	173.4255	TT2	1
30	519.5468	173.4255	TT2	-
30	309.1014	162.66	C2_0	1.4.2. GHUrQFLD GH 
30	309.1014	154.26	C2_0	0DQXtHQomR 3UHGLDO
30	309.1014	143.4945	TT2	- Gerente
30	384.6421	143.4945	TT2	DGA-6
30	467.9495	143.4945	TT2	1
30	519.5468	143.4945	TT2	-
30	309.1014	132.729	TT1	1.5. Coordenadoria 
30	309.1014	124.329	TT1	de Tecnologia da 
30	309.1014	115.929	C2_0	,QIRUPDomR
30	309.1014	105.1635	TT2	- Coordenador
30	384.6421	105.1635	TT2	DGA-5
30	467.9495	105.1635	TT2	1
30	519.5468	105.1635	TT2	-
30	309.1014	94.3981	C2_0	1.5.1. GHUrQFLD GH 
30	309.1014	85.9981	C2_0	6XSRUtH 7pFQLFR
30	309.1014	75.2325	TT2	- Gerente
30	384.6421	75.2325	TT2	DGA-6
30	467.9495	75.2325	TT2	1
30	519.5468	75.2325	TT2	-
30	309.1014	64.4671	C2_0	1.5.2. GHUrQFLD GH 
30	309.1014	56.0671	TT1	Redes
30	309.1014	45.3016	TT2	- Gerente
30	384.6421	45.3016	TT2	DGA-6
30	467.9495	45.3016	TT2	1
30	519.5468	45.3016	TT2	-
33	537.2446	796.9143	TT0	Página 4  
33	25.6368	782.8102	C2_0	1.5.3. GHUrQFLD GH 
33	25.6368	774.4102	TT1	Desenvolvimento de 
33	25.6368	766.0103	TT1	Sistemas
33	25.6368	755.2448	TT2	- Gerente
33	101.1775	755.2448	TT2	DGA-6
33	184.485	755.2448	TT2	1
33	236.0822	755.2448	TT2	-
33	25.6368	744.4793	C2_0	1Í9(/ D( (;(C8dÃ2 352G5A0Á7,CA
33	25.6368	733.7138	TT1	1. Diretoria de Crimi
33	88.8311	733.7138	TT1	-
33	25.6368	725.3138	TT1	nalística
33	25.6368	714.5483	TT2	- Diretor da Politec
33	101.1775	714.5483	TT2	DGA-4
33	184.485	714.5483	TT2	-
33	236.0822	714.5483	TT2	1
33	25.6368	703.7828	TT1	1.1. Coordenadoria de 
33	25.6368	695.3828	C2_0	3HUtFLDV ,QtHUQDV
33	25.6368	684.6174	TT2	- Coordenador
33	101.1775	684.6174	TT2	DGA-5
33	184.485	684.6174	TT2	-
33	236.0822	684.6174	TT2	1
33	25.6368	673.8519	C2_0	1.1.1. GHUrQFLD GH 3HUtFLDV GH BDOtVtLFD
33	25.6368	663.0864	TT2	- Gerente
33	101.1775	663.0864	TT2	DGA-6
33	184.485	663.0864	TT2	-
33	236.0822	663.0864	TT2	1
33	25.6368	652.3209	C2_0	1.1.2. GHUrQFLD GH 3HUtFLDV GH DRFXPHQtRVFRSLD
33	25.6368	641.5554	TT2	- Gerente
33	101.1775	641.5554	TT2	DGA-6
33	184.485	641.5554	TT2	-
33	236.0822	641.5554	TT2	1
33	25.6368	630.7899	C2_0	1.1.3. GHUrQFLD GH 3HUtFLDV GH ,GHQtLILFDomR 9HLFXODU
33	25.6368	620.0245	TT2	- Gerente
33	101.1775	620.0245	TT2	DGA-6
33	184.485	620.0245	TT2	-
33	236.0822	620.0245	TT2	1
33	25.6368	609.259	C2_0	1.1.4. GHUrQFLD GH 3HUtFLDV GH CRPSXtDomR )RUHQVH
33	25.6368	598.4935	TT2	- Gerente
33	101.1775	598.4935	TT2	DGA-6
33	184.485	598.4935	TT2	-
33	236.0822	598.4935	TT2	1
33	25.6368	587.728	C2_0	1.1.5. GHUrQFLD GH 3HUtFLDV HP 9HVttJLRV GH ,PSUHVVõHV GH 3HOH
33	25.6368	576.9625	TT2	- Gerente
33	101.1775	576.9625	TT2	DGA-6
33	184.485	576.9625	TT2	-
33	236.0822	576.9625	TT2	1
33	25.6368	566.197	C2_0	1.1.6. GHUrQFLD GH 3HUtFLDV HP ÁXGLR H 9tGHR
33	25.6368	555.4316	TT2	- Gerente
33	101.1775	555.4316	TT2	DGA-6
33	184.485	555.4316	TT2	-
33	236.0822	555.4316	TT2	1
33	25.6368	544.6661	C2_0	1.1.7. GHUrQFLD GH 3HUtFLDV CRQtiEHLV H )LQDQFHLUDV
33	25.6368	533.9006	TT2	- Gerente
33	101.1775	533.9006	TT2	DGA-6
33	184.485	533.9006	TT2	-
33	236.0822	533.9006	TT2	1
33	25.6368	523.1351	C2_0	1.2. CRRUGHQDGRULD GH 3HUtFLDV (xtHUQDV
33	25.6368	512.3696	TT2	- Coordenador
33	101.1775	512.3696	TT2	DGA-5
33	184.485	512.3696	TT2	-
33	236.0822	512.3696	TT2	1
33	25.6368	501.6042	C2_0	1.2.1. GHUrQFLD GH 3HUtFLDV HP CULPHV GH 7UkQVLtR
33	25.6368	490.8387	TT2	- Gerente
33	101.1775	490.8387	TT2	DGA-6
33	184.485	490.8387	TT2	-
33	236.0822	490.8387	TT2	1
33	25.6368	480.0732	C2_0	1.2.2. GHUrQFLD GH 3HUtFLDV HP 0RUtHV 9LROHQtDV
33	25.6368	469.3077	TT2	- Gerente
33	101.1775	469.3077	TT2	DGA-6
33	184.485	469.3077	TT2	-
33	236.0822	469.3077	TT2	1
33	25.6368	458.5422	C2_0	1.2.3. GHUrQFLD GH 3HUtFLDV HP CULPHV CRQtUD R 3DtULPôQLR
33	25.6368	447.7767	TT2	- Gerente
33	101.1775	447.7767	TT2	DGA-6
33	184.485	447.7767	TT2	-
33	236.0822	447.7767	TT2	1
33	25.6368	437.0113	C2_0	1.2.4. GHUrQFLD GH 3HUtFLDV GH 0HLR APELHQtH
33	25.6368	426.2458	TT2	- Gerente
33	101.1775	426.2458	TT2	DGA-6
33	184.485	426.2458	TT2	-
33	236.0822	426.2458	TT2	1
33	25.6368	415.4803	C2_0	1.2.5. GHUrQFLD GH 3HUtFLDV GH (QJHQKDULD /HJDO
33	25.6368	404.7148	TT2	- Gerente
33	101.1775	404.7148	TT2	DGA-6
33	184.485	404.7148	TT2	-
33	236.0822	404.7148	TT2	1
33	25.6368	393.9493	C2_0	1.2.6. GHUrQFLD GH 
33	25.6368	385.5493	TT1	Perícias de Medicina 
33	25.6368	377.1493	C2_0	9HtHULQiULD
33	25.6368	366.3839	TT2	- Gerente
33	101.1775	366.3839	TT2	DGA-6
33	184.485	366.3839	TT2	-
33	236.0822	366.3839	TT2	1
33	25.6368	355.6183	TT1	1.3. Núcleo de Apoio 
33	25.6368	347.2184	TT1	Operacional de Crimi
33	92.5262	347.2184	TT1	-
33	25.6368	338.8184	TT1	nalística
33	25.6368	328.0529	C2_1	- CKHIH GH 1úFOHR ,,
33	101.1775	328.0529	TT2	DGA-8
33	184.485	328.0529	TT2	1
33	236.0822	328.0529	TT2	-
33	25.6368	317.2874	TT1	1.4. Núcleo de 
33	25.6368	308.8874	C2_0	CXVtyGLD H /RJtVtLFD 
33	25.6368	300.4874	TT1	de Criminalística
33	25.6368	289.7219	C2_1	- CKHIH GH 1úFOHR ,,
33	101.1775	289.7219	TT2	DGA-8
33	184.485	289.7219	TT2	-
33	236.0822	289.7219	TT2	1
33	25.6368	278.9564	TT1	2. Diretoria de Medicina Legal
33	25.6368	268.1909	TT2	- Diretor da Politec
33	101.1775	268.1909	TT2	DGA-4
33	184.485	268.1909	TT2	-
33	236.0822	268.1909	TT2	1
33	25.6368	257.4255	TT1	2.1. Coordenadoria de Perícias em Vivos
33	25.6368	246.66	TT2	- Coordenador
33	101.1775	246.66	TT2	DGA-5
33	184.485	246.66	TT2	-
33	236.0822	246.66	TT2	1
33	25.6368	235.8945	C2_0	2.1.1. GHUrQFLD GH 3HUtFLDV HP 9ttLPDV GH 9LROrQFLD 6HxXDO H GH GrQHUR
33	25.6368	225.129	TT2	- Gerente
33	101.1775	225.129	TT2	DGA-6
33	184.485	225.129	TT2	-
33	236.0822	225.129	TT2	1
33	25.6368	214.3635	C2_0	2.1.2. GHUrQFLD GH 3HUtFLDV HP 3VLTXLDtULD )RUHQVH
33	25.6368	203.598	TT2	- Gerente
33	101.1775	203.598	TT2	DGA-6
33	184.485	203.598	TT2	-
33	236.0822	203.598	TT2	1
33	25.6368	192.8326	TT1	2.2. Coordenadoria de Perícias em Mortos
33	25.6368	182.0671	TT2	- Coordenador
33	101.1775	182.0671	TT2	DGA-5
33	184.485	182.0671	TT2	-
33	236.0822	182.0671	TT2	1
33	25.6368	171.3016	TT1	2.2.1. Gerente de Necropsia
33	25.6368	160.5361	TT2	- Gerente
33	101.1775	160.5361	TT2	DGA-6
33	184.485	160.5361	TT2	-
33	236.0822	160.5361	TT2	1
33	25.6368	149.7706	C2_0	2.2.2. GHUrQFLD GH AQtURSRORJLD
33	25.6368	139.0051	TT2	- Gerente
33	101.1775	139.0051	TT2	DGA-6
33	184.485	139.0051	TT2	-
33	236.0822	139.0051	TT2	1
33	25.6368	128.2397	C2_0	2.2.3. GHUrQFLD GH HLVtRSDtRORJLD
33	25.6368	117.4742	TT2	- Gerente
33	101.1775	117.4742	TT2	DGA-6
33	184.485	117.4742	TT2	-
33	236.0822	117.4742	TT2	1
33	25.6368	106.7087	C2_0	2.3. GHUrQFLD GH AtHQGLPHQtR H 3URFHVVDPHQtR GH DRFXPHQtRV
33	25.6368	95.9432	TT2	- Gerente
33	101.1775	95.9432	TT2	DGA-6
33	184.485	95.9432	TT2	-
33	236.0822	95.9432	TT2	1
33	25.6368	85.1777	TT1	2.4. Núcleo de Apoio Operacional de Medicina Legal
33	25.6368	74.4122	C2_1	- CKHIH GH 1úFOHR ,,
33	101.1775	74.4122	TT2	DGA-8
33	184.485	74.4122	TT2	1
33	236.0822	74.4122	TT2	-
33	25.6368	63.6468	C2_0	2.5. 1úFOHR GH CXVtyGLD H /RJtVtLFD GH 0HGLFLQD /HJDO
33	25.6368	52.8813	C2_1	- CKHIH GH 1úFOHR ,,
33	101.1775	52.8813	TT2	DGA-8
33	184.485	52.8813	TT2	-
33	236.0822	52.8813	TT2	1
33	25.6368	42.1158	C2_0	3. DLUHtRULD GH /DERUDtyULR )RUHQVH
33	25.6368	31.3503	TT2	- Diretor da Politec
33	101.1775	31.3503	TT2	DGA-4
33	184.485	31.3503	TT2	-
33	236.0822	31.3503	TT2	1
33	309.1014	782.8102	C2_1	- AVVLVtHQtH 7pFQLFR ,
33	384.6421	782.8102	TT2	DGA-8
33	467.9495	782.8102	TT2	1
33	519.5468	782.8102	TT2	-
33	309.1014	772.0448	TT1	3.1. Coordenadoria de Perícias em Biologia Molecular
33	309.1014	761.2793	TT2	- Coordenador
33	384.6421	761.2793	TT2	DGA-5
33	467.9495	761.2793	TT2	-
33	519.5468	761.2793	TT2	1
33	309.1014	750.5138	C2_0	3.1.1. GHUrQFLD 7pFQLFD
33	309.1014	739.7483	TT2	- Gerente
33	384.6421	739.7483	TT2	DGA-6
33	467.9495	739.7483	TT2	-
33	519.5468	739.7483	TT2	1
33	309.1014	728.9828	C2_0	3.1.2. GHUrQFLD GH 4XDOLGDGH HP BLRORJLD 0ROHFXODU
33	309.1014	718.2173	TT2	- Gerente
33	384.6421	718.2173	TT2	DGA-6
33	467.9495	718.2173	TT2	-
33	519.5468	718.2173	TT2	1
33	309.1014	707.4519	C2_0	3.2. CRRUGHQDGRULD GR /DERUDtyULR GH 0DtHULDLV
33	309.1014	696.6864	TT2	- Coordenador
33	384.6421	696.6864	TT2	DGA-5
33	467.9495	696.6864	TT2	-
33	519.5468	696.6864	TT2	1
33	309.1014	685.9209	C2_0	3.2.1. GHUrQFLD GH 3HUtFLDV HP 4XtPLFD )RUHQVH
33	309.1014	675.1554	TT2	- Gerente
33	384.6421	675.1554	TT2	DGA-6
33	467.9495	675.1554	TT2	-
33	519.5468	675.1554	TT2	1
33	309.1014	664.39	C2_0	3.2.2. GHUrQFLD GH 3HUtFLDV HP 7RxLFRORJLD )RUHQVH
33	309.1014	653.6245	TT2	- Gerente
33	384.6421	653.6245	TT2	DGA-6
33	467.9495	653.6245	TT2	-
33	519.5468	653.6245	TT2	1
33	309.1014	642.859	C2_0	3.2.3. GHUrQFLD GH 
33	309.1014	634.459	TT1	Perícias em Entorpe
33	373.0425	634.459	TT1	-
33	309.1014	626.059	TT1	centes
33	309.1014	615.2935	TT2	- Gerente
33	384.6421	615.2935	TT2	DGA-6
33	467.9495	615.2935	TT2	-
33	519.5468	615.2935	TT2	1
33	309.1014	604.528	C2_0	3.3. 1úFOHR GH ASRLR 2SHUDFLRQDO GR /DERUDtyULR )RUHQVH
33	309.1014	593.7625	C2_1	- CKHIH GH 1úFOHR ,,
33	384.6421	593.7625	TT2	DGA-8
33	467.9495	593.7625	TT2	1
33	519.5468	593.7625	TT2	-
33	309.1014	582.9971	C2_0	3.4. 1úFOHR GH CXVtyGLD H /RJtVtLFD GR /DERUDtyULR )RUHQVH
33	309.1014	572.2316	C2_1	- CKHIH GH 1úFOHR ,,
33	384.6421	572.2316	TT2	DGA-8
33	467.9495	572.2316	TT2	-
33	519.5468	572.2316	TT2	1
33	309.1014	561.4661	C2_0	4. DLUHtRULD GH ,GHQtLILFDomR 7pFQLFD
33	309.1014	550.7006	TT2	- Diretor da Politec
33	384.6421	550.7006	TT2	DGA-4
33	467.9495	550.7006	TT2	-
33	519.5468	550.7006	TT2	1
33	309.1014	539.9351	C2_1	- AVVLVtHQtH 7pFQLFR ,
33	384.6421	539.9351	TT2	DGA-8
33	467.9495	539.9351	TT2	1
33	519.5468	539.9351	TT2	-
33	309.1014	529.1696	C2_0	4.1. CRRUGHQDGRULD GH ,GHQtLILFDomR CULPLQDO
33	309.1014	518.4042	TT2	- Coordenador
33	384.6421	518.4042	TT2	DGA-5
33	467.9495	518.4042	TT2	-
33	519.5468	518.4042	TT2	1
33	309.1014	507.6387	C2_0	4.1.1. GHUrQFLD GH 
33	309.1014	499.2387	C2_0	,QIRUPDomR CULPLQDO
33	309.1014	488.4732	TT2	- Gerente
33	384.6421	488.4732	TT2	DGA-6
33	467.9495	488.4732	TT2	-
33	519.5468	488.4732	TT2	1
33	309.1014	477.7077	C2_0	4.1.2. GHUrQFLD GH 
33	309.1014	469.3077	TT1	Banco de Dados de 
33	309.1014	460.9077	TT1	Padrões
33	309.1014	450.1422	TT2	- Gerente
33	384.6421	450.1422	TT2	DGA-6
33	467.9495	450.1422	TT2	-
33	519.5468	450.1422	TT2	1
33	309.1014	439.3767	C2_0	4.2. CRRUGHQDGRULD GH ,GHQtLILFDomR CLvLO
33	309.1014	428.6113	TT2	- Coordenador
33	384.6421	428.6113	TT2	DGA-5
33	467.9495	428.6113	TT2	-
33	519.5468	428.6113	TT2	1
33	309.1014	417.8458	C2_0	4.2.1. GHUrQFLD GH 3URFHVVDPHQtR CLvLO
33	309.1014	407.0803	TT2	- Gerente
33	384.6421	407.0803	TT2	DGA-6
33	467.9495	407.0803	TT2	-
33	519.5468	407.0803	TT2	1
33	309.1014	396.3148	C2_0	4.2.2. GHUrQFLD GH 
33	309.1014	387.9148	TT1	Atendimento Volante
33	309.1014	377.1493	TT2	- Gerente
33	384.6421	377.1493	TT2	DGA-6
33	467.9495	377.1493	TT2	-
33	519.5468	377.1493	TT2	1
33	309.1014	366.3839	C2_0	4.2.3. GHUrQFLD GH 
33	309.1014	357.9839	C2_0	3RVtRV GH ,GHQtLIL
33	364.5222	357.9839	TT1	-
33	309.1014	349.5839	C2_0	FDomR
33	309.1014	338.8184	TT2	- Gerente
33	384.6421	338.8184	TT2	DGA-6
33	467.9495	338.8184	TT2	-
33	519.5468	338.8184	TT2	1
33	309.1014	328.0529	C2_0	4.3. GHUrQFLD GH ,GHQtLILFDomR ,QtHJUDGR
33	309.1014	317.2874	TT2	- Gerente
33	384.6421	317.2874	TT2	DGA-6
33	467.9495	317.2874	TT2	-
33	519.5468	317.2874	TT2	1
33	309.1014	306.5219	C2_0	4.4. 1úFOHR GH ASRLR 2SHUDFLRQDO GH ,GHQtLILFDomR 7pFQLFD
33	309.1014	295.7564	C2_1	- CKHIH GH 1úFOHR ,,
33	384.6421	295.7564	TT2	DGA-8
33	467.9495	295.7564	TT2	1
33	519.5468	295.7564	TT2	-
33	309.1014	284.9909	TT1	5. Coordenadoria 
33	309.1014	276.5909	C2_0	GH CXVtyGLD GH 
33	309.1014	268.1909	C2_0	(vLGrQFLDV
33	309.1014	257.4255	TT2	- Coordenador
33	384.6421	257.4255	TT2	DGA-5
33	467.9495	257.4255	TT2	-
33	519.5468	257.4255	TT2	1
33	309.1014	246.66	C2_0	5.1. GHUrQFLD GH 
33	309.1014	238.26	C2_0	CXVtyGLD DHILQLtLvD
33	309.1014	227.4945	TT2	- Gerente
33	384.6421	227.4945	TT2	DGA-6
33	467.9495	227.4945	TT2	-
33	519.5468	227.4945	TT2	1
33	309.1014	216.729	C2_0	5.2. GHUrQFLD GH 
33	309.1014	208.329	TT1	Logística de Vestígios
33	309.1014	197.5635	TT2	- Gerente
33	384.6421	197.5635	TT2	DGA-6
33	467.9495	197.5635	TT2	-
33	519.5468	197.5635	TT2	1
33	309.1014	186.798	C2_0	6. 1úFOHR GH ,GHQ
33	363.7916	186.798	TT1	-
33	309.1014	178.398	C2_0	tLILFDomR HXPDQD H 
33	309.1014	169.998	TT1	Desaparecidos
33	309.1014	159.2325	C2_1	- CKHIH GH 1úFOHR ,,
33	384.6421	159.2325	TT2	DGA-8
33	467.9495	159.2325	TT2	-
33	519.5468	159.2325	TT2	1
33	309.1014	148.4671	TT1	7. Núcleo de 
33	309.1014	140.0671	C2_0	AtXDoõHV (VSHFLDLV
33	309.1014	129.3016	C2_1	- CKHIH GH 1úFOHR ,,
33	384.6421	129.3016	TT2	DGA-8
33	467.9495	129.3016	TT2	-
33	519.5468	129.3016	TT2	1
33	309.1014	118.5361	C2_0	8. 1úFOHR ,QtHJUDGR 
33	309.1014	110.1361	C2_0	GH 2FRUUrQFLDV 
33	309.1014	101.7361	C2_0	(xtHUQDV
33	309.1014	90.9706	C2_1	- CKHIH GH 1úFOHR ,,
33	384.6421	90.9706	TT2	DGA-8
33	467.9495	90.9706	TT2	-
33	519.5468	90.9706	TT2	1
33	309.1014	80.2051	C2_0	1Í9(/ D( AD0,1,675AdÃ2 5(G,21A/,ZADA
33	309.1014	69.4396	C2_0	1. DLUHtRULD GH ,QtHULRULzDomR 
33	309.1014	58.6742	TT2	- Diretor da Politec
33	384.6421	58.6742	TT2	DGA-4
33	467.9495	58.6742	TT2	-
33	519.5468	58.6742	TT2	1
33	309.1014	47.9087	C2_1	- AVVLVtHQtH 7pFQLFR ,
33	384.6421	47.9087	TT2	DGA-8
33	467.9495	47.9087	TT2	3
33	519.5468	47.9087	TT2	-
33	309.1014	37.1432	C2_0	1.1. CRRUGHQDGRULD 5HJLRQDO 1 - 5RQGRQySROLV
34	537.2446	796.9786	TT0	Página 5  
34	25.6368	782.8102	TT1	- Coordenador
34	101.1775	782.8102	TT1	DGA-5
34	184.485	782.8102	TT1	-
34	236.0822	782.8102	TT1	1
34	25.6368	772.0448	C2_0	- AVVLVtHQtH 7pFQLFR ,
34	101.1775	772.0448	TT1	DGA-8
34	184.485	772.0448	TT1	1
34	236.0822	772.0448	TT1	-
34	25.6368	761.2793	C2_1	1.1.1. GHUrQFLD GH CULPLQDOtVtLFD GH 5RQGRQySROLV
34	25.6368	750.5138	TT1	- Gerente
34	101.1775	750.5138	TT1	DGA-6
34	184.485	750.5138	TT1	-
34	236.0822	750.5138	TT1	1
34	25.6368	739.7483	C2_1	1.1.2. GHUrQFLD GH 0HGLFLQD /HJDO GH 5RQGRQySROLV
34	25.6368	728.9828	TT1	- Gerente
34	101.1775	728.9828	TT1	DGA-6
34	184.485	728.9828	TT1	-
34	236.0822	728.9828	TT1	1
34	25.6368	718.2173	C2_1	1.1.3. GHUrQFLD GH ,GHQtLILFDomR 7pFQLFD GH 5RQGRQySROLV
34	25.6368	707.4519	TT1	- Gerente
34	101.1775	707.4519	TT1	DGA-6
34	184.485	707.4519	TT1	-
34	236.0822	707.4519	TT1	1
34	25.6368	696.6864	C2_1	1.1.4. GHUrQFLD 5HJLRQDO GH 3ULPDvHUD GR /HVtH
34	25.6368	685.9209	TT1	- Gerente
34	101.1775	685.9209	TT1	DGA-6
34	184.485	685.9209	TT1	-
34	236.0822	685.9209	TT1	1
34	25.6368	675.1554	C2_1	1.1.5. GHUrQFLD 5HJLRQDO GH AOtR AUDJXDLD
34	25.6368	664.39	TT1	- Gerente
34	101.1775	664.39	TT1	DGA-6
34	184.485	664.39	TT1	-
34	236.0822	664.39	TT1	1
34	25.6368	653.6245	C2_1	1.2. CRRUGHQDGRULD 5HJLRQDO 2 - BDUUD GR GDUoDV
34	25.6368	642.859	TT1	- Coordenador
34	101.1775	642.859	TT1	DGA-5
34	184.485	642.859	TT1	-
34	236.0822	642.859	TT1	1
34	25.6368	632.0935	C2_0	- AVVLVtHQtH 7pFQLFR ,
34	101.1775	632.0935	TT1	DGA-8
34	184.485	632.0935	TT1	1
34	236.0822	632.0935	TT1	-
34	25.6368	621.328	C2_1	1.2.1. GHUrQFLD GH CULPLQDOtVtLFD GH BDUUD GR GDUoDV
34	25.6368	610.5625	TT1	- Gerente
34	101.1775	610.5625	TT1	DGA-6
34	184.485	610.5625	TT1	-
34	236.0822	610.5625	TT1	1
34	25.6368	599.7971	C2_1	1.2.2. GHUrQFLD GH 0HGLFLQD /HJDO GH BDUUD GR GDUoDV
34	25.6368	589.0316	TT1	- Gerente
34	101.1775	589.0316	TT1	DGA-6
34	184.485	589.0316	TT1	-
34	236.0822	589.0316	TT1	1
34	25.6368	578.2661	C2_1	1.2.3. GHUrQFLD GH ,GHQtLILFDomR 7pFQLFD GH BDUUD GR GDUoDV
34	25.6368	567.5006	TT1	- Gerente
34	101.1775	567.5006	TT1	DGA-6
34	184.485	567.5006	TT1	-
34	236.0822	567.5006	TT1	1
34	25.6368	556.7351	C2_1	1.2.4. GHUrQFLD 5HJLRQDO GH ÁJXD BRD
34	25.6368	545.9696	TT1	- Gerente
34	101.1775	545.9696	TT1	DGA-6
34	184.485	545.9696	TT1	-
34	236.0822	545.9696	TT1	1
34	25.6368	535.2042	C2_1	1.2.5. GHUrQFLD 5HJLRQDO GH CRQIUHVD
34	25.6368	524.4387	TT1	- Gerente
34	101.1775	524.4387	TT1	DGA-6
34	184.485	524.4387	TT1	-
34	236.0822	524.4387	TT1	1
34	25.6368	513.6732	C2_1	1.3. CRRUGHQDGRULD 5HJLRQDO 3 - CiFHUHV
34	25.6368	502.9077	TT1	- Coordenador
34	101.1775	502.9077	TT1	DGA-5
34	184.485	502.9077	TT1	-
34	236.0822	502.9077	TT1	1
34	25.6368	492.1422	C2_0	- AVVLVtHQtH 7pFQLFR ,
34	101.1775	492.1422	TT1	DGA-8
34	184.485	492.1422	TT1	1
34	236.0822	492.1422	TT1	-
34	25.6368	481.3767	C2_1	1.3.1. GHUrQFLD GH CULPLQDOtVtLFD GH CiFHUHV
34	25.6368	470.6113	TT1	- Gerente
34	101.1775	470.6113	TT1	DGA-6
34	184.485	470.6113	TT1	-
34	236.0822	470.6113	TT1	1
34	25.6368	459.8458	C2_1	1.3.2. GHUrQFLD GH 0HGLFLQD /HJDO GH CiFHUHV
34	25.6368	449.0803	TT1	- Gerente
34	101.1775	449.0803	TT1	DGA-6
34	184.485	449.0803	TT1	-
34	236.0822	449.0803	TT1	1
34	25.6368	438.3148	C2_1	1.3.3. GHUrQFLD GH ,GHQtLILFDomR 7pFQLFD GH CiFHUHV 
34	25.6368	427.5493	TT1	- Gerente
34	101.1775	427.5493	TT1	DGA-6
34	184.485	427.5493	TT1	-
34	236.0822	427.5493	TT1	1
34	25.6368	416.7838	C2_1	1.3.4. GHUrQFLD 5HJLRQDO GH 3RQtHV H /DFHUGD
34	25.6368	406.0183	TT1	- Gerente
34	101.1775	406.0183	TT1	DGA-6
34	184.485	406.0183	TT1	-
34	236.0822	406.0183	TT1	1
34	25.6368	395.2529	TT2	1.4. Coordenadoria Regional 4 - Sinop
34	25.6368	384.4874	TT1	- Coordenador
34	101.1775	384.4874	TT1	DGA-5
34	184.485	384.4874	TT1	-
34	236.0822	384.4874	TT1	1
34	25.6368	373.7219	C2_0	- AVVLVtHQtH 7pFQLFR ,
34	101.1775	373.7219	TT1	DGA-8
34	184.485	373.7219	TT1	1
34	236.0822	373.7219	TT1	-
34	25.6368	362.9564	C2_1	1.4.1. GHUrQFLD GH CULPLQDOtVtLFD GH 6LQRS
34	25.6368	352.1909	TT1	- Gerente
34	101.1775	352.1909	TT1	DGA-6
34	184.485	352.1909	TT1	-
34	236.0822	352.1909	TT1	1
34	25.6368	341.4254	C2_1	1.4.2. GHUrQFLD GH 0HGLFLQD /HJDO GH 6LQRS
34	25.6368	330.66	TT1	- Gerente
34	101.1775	330.66	TT1	DGA-6
34	184.485	330.66	TT1	-
34	236.0822	330.66	TT1	1
34	25.6368	319.8945	C2_1	1.4.3. GHUrQFLD GH ,GHQtLILFDomR 7pFQLFD GH 6LQRS
34	25.6368	309.129	TT1	- Gerente
34	101.1775	309.129	TT1	DGA-6
34	184.485	309.129	TT1	-
34	236.0822	309.129	TT1	1
34	25.6368	298.3635	C2_1	1.4.4. GHUrQFLD 5HJLRQDO GH AOtD )ORUHVtD
34	25.6368	287.5981	TT1	- Gerente
34	101.1775	287.5981	TT1	DGA-6
34	184.485	287.5981	TT1	-
34	236.0822	287.5981	TT1	1
34	25.6368	276.8326	C2_1	1.4.5. GHUrQFLD 5HJLRQDO GH GXDUDQtm GR 1RUtH
34	25.6368	266.0671	TT1	- Gerente
34	101.1775	266.0671	TT1	DGA-6
34	184.485	266.0671	TT1	-
34	236.0822	266.0671	TT1	1
34	25.6368	255.3016	C2_1	1.4.6. GHUrQFLD 5HJLRQDO GH 6RUULVR
34	25.6368	244.5361	TT1	- Gerente
34	101.1775	244.5361	TT1	DGA-6
34	184.485	244.5361	TT1	-
34	236.0822	244.5361	TT1	1
34	25.6368	233.7706	C2_1	1.5. CRRUGHQDGRULD 5HJLRQDO 5 - 7DQJDUi GD 6HUUD
34	25.6368	223.0051	TT1	- Coordenador
34	101.1775	223.0051	TT1	DGA-5
34	184.485	223.0051	TT1	-
34	236.0822	223.0051	TT1	1
34	25.6368	212.2397	C2_0	- AVVLVtHQtH 7pFQLFR ,
34	101.1775	212.2397	TT1	DGA-8
34	184.485	212.2397	TT1	1
34	236.0822	212.2397	TT1	-
34	25.6368	201.4742	C2_1	1.5.1. GHUrQFLD GH CULPLQDOtVtLFD GH 7DQJDUi GD 6HUUD
34	25.6368	190.7087	TT1	- Gerente
34	101.1775	190.7087	TT1	DGA-6
34	184.485	190.7087	TT1	-
34	236.0822	190.7087	TT1	1
34	25.6368	179.9432	C2_1	1.5.2. GHUrQFLD GH 0HGLFLQD /HJDO GH 7DQJDUi GD 6HUUD
34	25.6368	169.1777	TT1	- Gerente
34	101.1775	169.1777	TT1	DGA-6
34	184.485	169.1777	TT1	-
34	236.0822	169.1777	TT1	1
34	25.6368	158.4122	C2_1	1.5.3. GHUrQFLD GH ,GHQtLILFDomR 7pFQLFD GH 7DQJDUi GD 6HUUD
34	25.6368	147.6468	TT1	- Gerente
34	101.1775	147.6468	TT1	DGA-6
34	184.485	147.6468	TT1	-
34	236.0822	147.6468	TT1	1
34	25.6368	136.8813	C2_1	1.5.4. GHUrQFLD 5HJLRQDO GH -XtQD
34	25.6368	126.1158	TT1	- Gerente
34	101.1775	126.1158	TT1	DGA-6
34	184.485	126.1158	TT1	-
34	236.0822	126.1158	TT1	1
34	25.6368	115.3503	C2_1	1.5.5. GHUrQFLD 5HJLRQDO GH -XDUD
34	25.6368	104.5848	TT1	- Gerente
34	101.1775	104.5848	TT1	DGA-6
34	184.485	104.5848	TT1	-
34	236.0822	104.5848	TT1	1
34	25.6368	93.8193	TT2	1.6. Coordenadoria 
34	25.6368	85.8193	TT2	Regional 6 - Nova 
34	25.6368	77.8193	TT2	Mutum
34	25.6368	67.0539	TT1	- Coordenador
34	101.1775	67.0539	TT1	DGA-5
34	184.485	67.0539	TT1	-
34	236.0822	67.0539	TT1	1
34	25.6368	56.2884	C2_0	- AVVLVtHQtH 7pFQLFR ,
34	101.1775	56.2884	TT1	DGA-8
34	184.485	56.2884	TT1	1
34	236.0822	56.2884	TT1	-
34	25.6368	45.5229	C2_1	1.6.1. GHUrQFLD GH 
34	25.6368	37.1229	TT2	Criminalística de 
34	25.6368	28.7229	TT2	Nova Mutum
34	309.1014	782.8102	TT1	- Gerente
34	384.6421	782.8102	TT1	DGA-6
34	467.9495	782.8102	TT1	-
34	519.5468	782.8102	TT1	1
34	309.1014	772.0448	C2_1	1.6.2. GHUrQFLD GH 0HGLFLQD /HJDO GH 1RvD 0XtXP
34	309.1014	761.2793	TT1	- Gerente
34	384.6421	761.2793	TT1	DGA-6
34	467.9495	761.2793	TT1	-
34	519.5468	761.2793	TT1	1
34	309.1014	750.5138	C2_1	1.6.3. GHUrQFLD GH ,GHQtLILFDomR 7pFQLFD GH 1RvD 0XtXP
34	309.1014	739.7483	TT1	- Gerente
34	384.6421	739.7483	TT1	DGA-6
34	467.9495	739.7483	TT1	-
34	519.5468	739.7483	TT1	1
34	309.1014	728.9828	C2_1	1.6.4. GHUrQFLD 
34	309.1014	720.5828	TT2	Regional de 
34	309.1014	712.1829	TT2	Diamantino
34	309.1014	701.4174	TT1	- Gerente
34	384.6421	701.4174	TT1	DGA-6
34	467.9495	701.4174	TT1	-
34	519.5468	701.4174	TT1	1
34	309.1014	690.6519	C2_1	1.6.5. GHUrQFLD 
34	309.1014	682.2518	TT2	Regional de Lucas do 
34	309.1014	673.8519	TT2	Rio Verde
34	309.1014	663.0864	TT1	- Gerente
34	384.6421	663.0864	TT1	DGA-6
34	467.9495	663.0864	TT1	-
34	519.5468	663.0864	TT1	1
34	309.1014	652.3209	C2_1	68B727A/
34	467.9495	652.3209	TT2	53
34	519.5468	652.3209	TT2	109
34	309.1014	641.5554	TT2	TOTAL
34	467.9495	641.5554	TT2	162
34	306.1417	606.154	C2_1	A1(;2 ,,
34	306.1417	595.34	C2_1	48A17,7A7,92 D( CA5G26 (0 C20,66Ã2 ( )81dÕ(6 D( 
34	306.1417	584.5261	C2_1	C21),A1dA AG583AD26 325 6,0B2/2G,A 5(081(5A7Ó5,A
34	309.1014	553.8284	C2_1	6,0B2/2G,A 5(081(5A7Ó5,A
34	505.5468	553.8284	TT2	CARGO
34	538.8895	553.8284	C2_1	)81dÃ2
34	309.1014	543.063	TT1	DGA 1 
34	505.5468	543.063	TT1	-
34	538.8895	543.063	TT1	-
34	309.1014	532.2975	TT1	DGA 2
34	505.5468	532.2975	TT1	-
34	538.8895	532.2975	TT1	3
34	309.1014	521.532	TT1	DGA 3
34	505.5468	521.532	TT1	2
34	538.8895	521.532	TT1	1
34	309.1014	510.7665	TT1	DGA 4
34	505.5468	510.7665	TT1	-
34	538.8895	510.7665	TT1	8
34	309.1014	500.001	TT1	DGA 5
34	505.5468	500.001	TT1	8
34	538.8895	500.001	TT1	19
34	309.1014	489.2355	TT1	DGA 6
34	505.5468	489.2355	TT1	17
34	538.8895	489.2355	TT1	63
34	309.1014	478.4701	TT1	DGA 7
34	505.5468	478.4701	TT1	-
34	538.8895	478.4701	TT1	-
34	309.1014	467.7046	TT1	DGA 8
34	505.5468	467.7046	TT1	26
34	538.8895	467.7046	TT1	9
34	309.1014	456.9391	TT1	DGA 9
34	505.5468	456.9391	TT1	-
34	538.8895	456.9391	TT1	4
34	309.1014	446.1736	TT1	DGA 10
34	505.5468	446.1736	TT1	-
34	538.8895	446.1736	TT1	2
34	309.1014	435.4081	C2_1	68B727A/
34	505.5468	435.4081	TT2	53
34	538.8895	435.4081	TT2	109
34	309.1014	424.6426	TT2	TOTAL
34	505.5468	424.6426	TT2	162
34	306.1417	407.4552	TT1	<#E.G.B#1853066#5#1880204/>
34	510.7366	398.0412	TT2	Protocolo 1853066
34	306.1417	386.8134	TT1	<#E.G.B#1853068#5#1880205>
34	333.8759	375.9994	TT2	DECRETO Nº 2.253,  DE   11   DE   SETEMBRO DE 2026.
34	417.1917	355.9716	TT2	Dispõe sobre a Estrutura Organizacional 
34	417.1917	345.9576	TT2	da Secretaria de Estado de Agricultura 
34	417.1917	335.9437	C2_1	)DPLOLDU - 6(A), D GLVtULEXLomR GH FDUJRV 
34	417.1917	325.9298	C2_1	HP FRPLVVmR H IXQoõHV GH FRQfiDQoD.
34	331.5417	305.9019	TT2	O GOVERNADOR DO ESTADO DE MATO GROSSO
34	527.4897	305.9019	TT1	, no uso das 
34	306.1417	295.888	TT1	atribuições que lhe confere o art. 66 incisos III e V, da Constituição Estadual, 
34	306.1417	285.874	C2_0	tHQGR HP vLVtD R TXH FRQVtD QR 3URFHVVR Qº 6(A)-352-2026/03028;
34	338.3917	265.8462	TT2	D E C R E T A:
34	338.3917	245.8183	TT2	Art. 1
34	360.4221	245.8183	C2_0	° À 6HFUHtDULD GH (VtDGR GH AJULFXOtXUD )DPLOLDU - 6(A) 
34	306.1417	235.8044	C2_0	FRPSHtH JHULU DV 3ROttLFDV 3úEOLFDV GH tRGRV RV DVVXQtRV UHODFLRQDGRV FRP 
34	306.1417	225.7904	C2_0	DJULFXOtXUD, SHFXiULD, DEDVtHFLPHQtR, AUPDzHQDPHQtR H GLVtULEXLomR, HP 
34	306.1417	215.7765	C2_0	SHTXHQD HVFDOD, DOpP GH HVtDEHOHFHU GLUHtULzHV SDUD D SROttLFD GH HxtHQVmR 
34	306.1417	205.7626	TT1	rural.
34	338.3917	185.7347	TT2	Art. 2
34	358.8162	185.7347	C2_0	° )LFD DSURvDGD D (VtUXtXUD 2UJDQLzDFLRQDO GD 6HFUHtDULD GH 
34	306.1417	175.7208	C2_0	(VtDGR GH AJULFXOtXUD )DPLOLDU - 6(A), GH DFRUGR FRP D /HL CRPSOHPHQtDU 
34	306.1417	165.7068	C2_0	Qº 13 GH 16 GH MDQHLUR GH 1992, /HL CRPSOHPHQtDU 264, GH 28 GH GHzHPEUR 
34	306.1417	155.6929	C2_0	GH 2006, /HL CRPSOHPHQtDU Q° 266, GH 29 GH GHzHPEUR GH 2006, /HL 
34	306.1417	145.679	C2_0	CRPSOHPHQtDU Qº 506, GH 11 GH VHtHPEUR GH 2013, /HL CRPSOHPHQtDU 612, 
34	306.1417	135.665	C2_0	GH 28 GH MDQHLUR GH 2019, /HL CRPSOHPHQtDU Qº 734, GH 01 GH DEULO GH 2022 
34	306.1417	125.6511	C2_0	H /HL CRPSOHPHQtDU Qº 755, GH 12 GH MDQHLUR GH 2023.
34	338.3917	105.6232	TT2	Art. 3
34	359.261	105.6232	C2_0	° A (VtUXtXUD 2UJDQLzDFLRQDO EiVLFD H VHtRULDO GD 6HFUHtDULD 
34	306.1417	95.6093	C2_0	GH (VtDGR GH AJULFXOtXUD )DPLOLDU - 6(A) FRPSUHHQGH DV VHJXLQtHV 
34	306.1417	85.5953	C2_0	XQLGDGHV DGPLQLVtUDtLvDV:
34	331.5417	65.5675	C2_1	, 
34	335.987	65.5675	TT1	- 
34	340.8737	65.5675	C2_1	1Í9(/
34	366.655	65.5675	TT2	DE
34	379.9909	65.5675	C2_1	D(C,6Ã2
34	418.6628	65.5675	C2_1	C2/(G,ADA
34	331.5417	55.5536	C2_0	1. CRQVHOKR (VtDGXDO GH DHVHQvROvLPHQtR 5XUDO 6XVtHQtivHO 
34	331.5417	45.5396	C2_0	- C(D56
34	331.5417	35.5257	C2_0	2. CRQVHOKR GH AGPLQLVtUDomR GR )XQGR GH ASRLR j AJULFXOtXUD 
34	331.5417	25.5118	C2_0	)DPLOLDU - C216AD/)81DAA)
35	537.2446	796.9143	TT0	Página 6  
35	48.0771	785.0419	C2_0	,, 
35	54.7451	785.0419	TT1	- 
35	59.6318	785.0419	C2_0	1Í9(/
35	85.4131	785.0419	TT2	DE
35	98.749	785.0419	C2_0	D,5(dÃ2
35	137.8623	785.0419	C2_0	683
35	154.3115	785.0419	C2_0	(5,25
35	48.0771	775.9999	C2_1	1.GDELQHtH GR 6HFUHtiULR GH (VtDGR GH AJULFXOtXUD )DPLOLDU
35	48.0771	766.9579	C2_1	1.1 GDELQHtH GR 6HFUHtiULR AGMXQtR GH AJULFXOtXUD )DPLOLDU H 
35	48.0771	757.9158	TT1	Desenvolvimento Rural
35	48.0771	748.8738	C2_1	1.2 GDELQHtH GR 6HFUHtiULR AGMXQtR GH AGPLQLVtUDomR 6LVtrPLFD
35	48.0771	730.7898	C2_0	,,, - 1Í9(/ D( A32,2 (675A7eG,C2 ( (63(C,A/,ZAD2
35	48.0771	721.7477	C2_1	1. 1úFOHR GH GHVtmR (VtUDtpJLFD SDUD 5HVXOtDGRV - 1G(5
35	48.0771	712.7057	C2_1	2. 8QLGDGH 6HtRULDO GH CRQtUROH ,QtHUQR - 81,6(C,
35	48.0771	703.6637	C2_1	3. 8QLGDGH GH GHUHQFLDPHQtR GH 3URMHtRV (VtUDtpJLFRV - 81,G(3
35	48.0771	694.6217	C2_1	4. 2XvLGRULD 6HtRULDO
35	48.0771	685.5797	TT1	5. Comissão de Ética
35	48.0771	676.5376	C2_1	6. CRPLVVmR 3HUPDQHQtH GH 7RPDGD GH CRQtDV (VSHFLDLV
35	48.0771	658.4535	C2_0	,9 
35	57.8584	658.4535	TT1	- 
35	62.7451	658.4535	C2_0	1Í9(/
35	88.5263	658.4535	TT2	DE
35	101.8623	658.4535	TT2	ASSESSORAMENTO
35	183.0615	658.4535	C2_0	683(5,25
35	48.0771	649.4115	TT1	1. Gabinete de Direção
35	48.0771	640.3694	TT1	2. Unidade de Assessoria
35	48.0771	622.2854	TT2	V 
35	55.6357	622.2854	TT1	- 
35	60.5224	622.2854	C2_0	1Í9(/
35	86.3037	622.2854	TT2	DE
35	99.6396	622.2854	C2_0	AD0,1,675AdÃ2
35	169.8584	622.2854	C2_0	6,67Ç0,CA
35	48.0771	613.2434	C2_1	1. 6XSHULQtHQGrQFLD AGPLQLVtUDtLvD
35	48.0771	604.2014	TT1	1.1 Coordenadoria de Gestão de Pessoas
35	48.0771	595.1594	C2_1	1.2 CRRUGHQDGRULD GH 7HFQRORJLD GD ,QIRUPDomR
35	48.0771	586.1173	C2_1	1.3 CRRUGHQDGRULD CRQtiELO
35	48.0771	577.0753	TT1	1.4 Coordenadoria de Aquisições e Contratos
35	48.0771	568.0333	C2_1	1.5 CRRUGHQDGRULD GH CRQvrQLRV
35	48.0771	558.9912	TT1	1.6 Coordenadoria de Orçamento e Finanças
35	48.0771	549.9492	C2_1	1.6.1 GHUrQFLD GH (xHFXomR )LQDQFHLUD
35	48.0771	540.9072	TT1	1.7 Coordenadoria de Patrimônio e Almoxarifado
35	48.0771	531.8652	C2_1	1.8 CRRUGHQDGRULD GH ASRLR /RJtVtLFR
35	48.0771	522.8231	C2_1	1.8.1 GHUrQFLD GH 3URtRFROR H AUTXLvR
35	48.0771	513.7811	C2_1	1.8.2 GHUrQFLD GH 6HUvLoRV H 7UDQVSRUtH
35	48.0771	495.6971	C2_0	9, 
35	57.8584	495.6971	TT1	- 
35	62.7451	495.6971	C2_0	1Í9(/
35	88.5263	495.6971	TT2	DE
35	101.8623	495.6971	C2_0	(;(C8dÃ2
35	149.4248	495.6971	C2_0	352G5A0Á7,CA
35	48.0771	486.655	C2_1	1.  6XSHULQtHQGrQFLD GH CUpGLtR )XQGLiULR
35	48.0771	477.613	C2_1	1.1 GHUrQFLD GH 5HJXODULzDomR H 5HvLtDOLzDomR
35	48.0771	459.529	C2_1	2. 6XSHULQtHQGrQFLD GH DHVHQvROvLPHQtR 5XUDO
35	48.0771	450.4869	TT1	2.1 Coordenadoria de Incentivo as Atividades Produtivas
35	48.0771	441.4449	C2_1	2.2 CRRUGHQDGRULD GH AFHVVR DR CUpGLtR 5XUDO
35	48.0771	432.4029	TT1	2.3 Coordenadoria de Infraestrutura Rural
35	48.0771	414.3188	C2_1	3.  6XSHULQtHQGrQFLD GH AJULFXOtXUD )DPLOLDU
35	48.0771	405.2768	C2_1	3.1 CRRUGHQDGRULD GH AFHVVR DRV 0HUFDGRV
35	48.0771	396.2348	C2_1	3.2 CRRUGHQDGRULD GH ASRLR jV 2UJDQLzDoõHV
35	48.0771	387.1927	C2_1	3.3 CRRUGHQDGRULD GH AJURLQGúVtULD
35	48.0771	378.1507	C2_1	3.3.1 GHUrQFLD GR 6LVtHPD (VtDGXDO 8QLfiFDGR GH 6DQLGDGH 
35	48.0771	369.1087	C2_1	AJURLQGXVtULDO )DPLOLDU H GH 3HTXHQR 3RUtH - 686A)
35	48.0771	351.0247	C2_0	9,, - 1Í9(/ D( AD0,1,675AdÃ2 D(6C(175A/,ZADA
35	48.0771	341.9826	C2_1	1. (PSUHVD 0DtR-JURVVHQVH GH 3HVTXLVD, AVVLVtrQFLD H (xtHQVmR 
35	48.0771	332.9406	C2_1	5XUDO - (03A(5-07
35	48.0771	323.8986	C2_1	2. CHQtUDO GH AEDVtHFLPHQtR GR (VtDGR GH 0DtR GURVVR 6.A - 
35	48.0771	314.8566	C2_1	C(A6A/07 (HP OLTXLGDomR)
35	54.9271	296.7725	TT2	Art.
35	70.5771	296.7725	TT2	4º
35	77.9482	296.7725	C2_1	 2V FDUJRV HP FRPLVVmR H IXQoõHV GH FRQfiDQoD LQtHJUDQtHV 
35	22.6771	287.7305	C2_1	GD ORtDomR GD 6HFUHtDULD GH (VtDGR GH AJULFXOtXUD )DPLOLDU - 6(A) VmR 
35	22.6771	278.6885	TT1	os constituídos dos Anexos I e II, deste Decreto, com a distribuição, 
35	22.6771	269.6464	C2_1	GHQRPLQDomR H TXDQtLfiFDomR DOL SUHvLVtDV H HVtDEHOHFLGDV QDV /HLV TXH 
35	22.6771	260.6044	C2_1	GHUDP RULJHP DRV UHIHULGRV FDUJRV H IXQoõHV, RUD UHPDQHMDGRV H/RX 
35	22.6771	251.5624	C2_1	tUDQVIRUPDGRV VHP DXPHQtR GH GHVSHVDV, QRV tHUPRV GD /HL CRPSOHPHQtDU 
35	22.6771	242.5204	C2_1	Qº 266, GH 29 GH GHzHPEUR GH 2006.
35	54.4271	224.4363	TT2	Art.
35	69.8316	224.4363	TT2	5º
35	77.2027	224.4363	C2_1	 2V FDUJRV HP FRPLVVmR H IXQoõHV GH FRQfiDQoD VmR FULDGRV, 
35	22.6771	215.3943	C2_1	HxFOXVLvDPHQtH, SRU OHL, IDFXOtDGR DR CKHIH GR 3RGHU (xHFXtLvR, PHGLDQtH 
35	22.6771	206.3522	C2_1	DHFUHtR GRvHUQDPHQtDO, R UHPDQHMDPHQtR, D tUDQVIRUPDomR H D DOtHUDomR 
35	22.6771	197.3102	C2_1	GD QRPHQFODtXUD, vHGDGR DXPHQtR GDV GHVSHVDV, FRQIRUPH GLVSRVtR QR DUt. 
35	22.6771	188.2682	C2_1	4º GD /HL CRPSOHPHQtDU Qº 266, GH 29 GH GHzHPEUR GH 2006.
35	54.4271	170.1841	TT2	Art. 6
35	75.3501	170.1841	C2_1	° AV 8QLGDGHV AGPLQLVtUDtLvDV GLVSRVtDV QRV LQFLVRV ,,, H ,9 
35	22.6771	161.1422	C2_1	GR AUtLJR 3°, GHVtH DHFUHtR, SRVVXHP vtQFXOR KLHUiUTXLFR H DGPLQLVtUDtLvR 
35	22.6771	152.1001	C2_1	FRP R GDELQHtH GR 6HFUHtiULR GH (VtDGR GH AJULFXOtXUD )DPLOLDU.
35	54.4271	134.0161	TT2	Art. 7
35	77.0321	134.0161	C2_1	° AV 8QLGDGHV AGPLQLVtUDtLvDV GLVSRVtDV QR LQFLVR 9 GR 
35	22.6771	124.9741	C2_1	AUtLJR 3°, GHVtH DHFUHtR, SRVVXHP vtQFXOR KLHUiUTXLFR H DGPLQLVtUDtLvR FRP 
35	22.6771	115.932	C2_1	GDELQHtH GR 6HFUHtiULR AGMXQtR GH AGPLQLVtUDomR 6LVtrPLFD.
35	54.4271	97.848	TT2	Art. 8
35	76.7852	97.848	C2_1	° AV 8QLGDGHV AGPLQLVtUDtLvDV GLVSRVtDV QR LQFLVR 9, GR 
35	22.6771	88.8059	C2_1	AUtLJR 3°, GHVtH DHFUHtR, SRVVXHP vtQFXOR KLHUiUTXLFR H DGPLQLVtUDtLvR FRP 
35	22.6771	79.7639	C2_1	GDELQHtH GR 6HFUHtiULR AGMXQtR GH AJULFXOtXUD )DPLOLDU H DHVHQvROvLPHQtR 
35	22.6771	70.7219	TT1	Rural.
35	54.4271	52.6378	TT2	Art.
35	70.6165	52.6378	TT2	9º
35	77.9876	52.6378	C2_1	 ,QFXPEH DR 6HFUHtiULR GH (VtDGR GH AJULFXOtXUD )DPLOLDU H 
35	22.6771	43.5958	C2_1	AVVXQtRV )XQGLiULRV, HGLtDU R 5HJLPHQtR ,QtHUQR QR SUDzR GH 150 (FHQtR H 
35	22.6771	34.5538	C2_1	FLQTXHQtD) GLDV, HP FRQIRUPLGDGH FRP R DHFUHtR Qº 1.684, GH 10 GH RXtXEUR 
35	22.6771	25.5118	TT1	de 2018.
35	337.8917	785.0419	TT2	Art.
35	353.5682	785.0419	TT2	10
35	364.3659	785.0419	C2_1	)LFD GHtHUPLQDGR TXH p GH UHVSRQVDELOLGDGH GD XQLGDGH GH 
35	306.1417	776.7368	C2_1	JHVtmR GH SHVVRDV GR yUJmR, QR SUDzR PixLPR GH 10 (GHz) GLDV, SURPRvHU 
35	306.1417	768.4316	C2_1	D ORtDomR GRV VHUvLGRUHV QDV XQLGDGHV vLJHQtHV.
35	337.8917	751.8215	TT2	Art.
35	356.1044	751.8215	TT2	11
35	364.5614	751.8215	TT1	 Os atos de nomeações e exonerações deverão fazer 
35	306.1417	743.5164	C2_1	UHIHUrQFLD HxSUHVVD j 8QLGDGH AGPLQLVtUDtLvD RQGH VHUmR QRPHDGRV RX 
35	306.1417	735.2112	C2_1	HxRQHUDGRV RV RFXSDQtHV GRV FDUJRV HP FRPLVVmR RX IXQoõHV GH FRQfiDQoD.
35	337.8917	718.6011	TT2	Art.
35	353.8917	718.6011	TT2	12
35	362.7902	718.6011	C2_1	 (VtH DHFUHtR HQtUD HP vLJRU HP 11 GH VHtHPEUR GH 2026.
35	337.8917	701.9908	TT2	Art.
35	353.8917	701.9908	TT2	13
35	362.7902	701.9908	C2_1	 5HvRJD-VH R DHFUHtR Qº 2.199, GH 09 GH MXOKR GH 2026.
35	338.3917	685.3807	C2_1	3DOiFLR 3DLDJXiV, HP CXLDEi-07, 11 GH VHtHPEUR  GH 2026.
35	401.1474	668.7704	C2_0	27A9,A12 3,9(77A
35	399.122	660.4653	TT3	Governador do Estado
35	383.5888	643.8552	C2_0	AD-A,0( 5A026 D( 628ZA
35	384.4579	635.55	TT3	Secretário-Chefe da Casa Civil
35	349.8076	618.9399	C2_0	BA6Í/,2 B(Z(55A G8,0A5Ã(6 D26 6A1726
35	353.538	610.6348	TT3	Secretário de Estado de Planejamento e Gestão
35	354.7763	594.0245	C2_0	A1D5(,A CA52/,1A D20,1G8(6 )8-,2.A
35	361.038	585.7195	TT3	Secretária de Estado de Agricultura Familiar
35	422.9228	567.3093	TT2	A
35	428.7001	567.3093	C2_0	1(;2 ,
35	309.1014	548.8432	C2_0	D,675,B8,dÃ2 D( CA5G26 (0 C20,66Ã2 ( )81dÕ(6 D( C21),A1dA 1A 
35	309.1014	541.8432	C2_0	(6758785A 25GA1,ZAC,21A/
35	309.1014	519.5842	C2_0	81,DAD(
35	415.9566	519.5842	C2_0	6,0B2/2G,A 5(08
35	479.9919	519.5842	TT2	-
35	415.9566	512.5842	C2_0	1(5A7Ó5,A
35	496.84	519.5842	C2_0	48A17,DAD(
35	496.84	508.8187	TT2	CARGO
35	533.8436	508.8187	C2_0	)81dÃ2
35	309.1014	498.0533	C2_0	1Í9(/ D( D(C,6Ã2 C2/(G,ADA
35	309.1014	487.2878	TT2	1. Conselho Estadual de Desenvolvimento Rural 
35	309.1014	480.2878	C2_0	6XVtHQtivHO - C(D56
35	309.1014	469.5223	C2_0	2. CRQVHOKR GH AGPLQLVtUDomR GR )XQGR GH ASRLR j AJULFXOtXUD )DPLOLDU - 
35	309.1014	462.5223	C2_0	C216AD/)81DAA)
35	309.1014	451.7568	C2_0	1Í9(/ D( D,5(dÃ2 683(5,25
35	309.1014	440.9913	C2_0	1. GDELQHtH GR 6HFUHtiULR GH (VtDGR GH AJULFXOtXUD )DPLOLDU 
35	309.1014	430.2258	C2_1	- 6HFUHtiULR
35	415.9566	430.2258	TT1	DGA-1
35	496.84	430.2258	TT1	1
35	533.8436	430.2258	TT1	-
35	309.1014	419.4604	C2_0	1.1. GDELQHtH GR 6HFUHtiULR AGMXQtR GH AJULFXOtXUD )DPLOLDU H DHVHQ
35	522.9397	419.4604	TT2	-
35	309.1014	412.4604	TT2	volvimento Rural
35	309.1014	401.6949	C2_1	- 6HFUHtiULR AGMXQtR
35	415.9566	401.6949	TT1	DGA-2
35	496.84	401.6949	TT1	1
35	533.8436	401.6949	TT1	-
35	309.1014	390.9294	C2_1	- GHVtRU GH 3URMHtRV (VSHFLDOLzD
35	404.0908	390.9294	TT1	-
35	309.1014	383.9294	TT1	dos nível II 
35	415.9566	390.9294	TT1	DGA-3
35	496.84	390.9294	TT1	1
35	533.8436	390.9294	TT1	-
35	309.1014	373.1639	C2_0	1.2. GDELQHtH GR 6HFUHtiULR AGMXQtR GH AGPLQLVtUDomR 6LVtrPLFD
35	309.1014	362.3984	C2_1	- 6HFUHtiULR AGMXQtR
35	415.9566	362.3984	TT1	DGA-2
35	496.84	362.3984	TT1	1
35	533.8436	362.3984	TT1	-
35	309.1014	351.6329	C2_0	1Í9(/ D( A32,2 (675A7eG,C2 ( (63(C,A/,ZAD2
35	309.1014	340.8675	C2_0	1. 1úFOHR GH GHVtmR (VtUDtpJLFD SDUD 5HVXOtDGRV - 1G(5
35	309.1014	330.102	C2_0	2. 8QLGDGH 6HtRULDO GH CRQtUROH ,QtHUQR - 81,6(C,
35	309.1014	319.3365	C2_1	- GHVtRU GH 81,6(C,
35	415.9566	319.3365	TT1	DGA-6
35	496.84	319.3365	TT1	-
35	533.8436	319.3365	TT1	1
35	309.1014	308.571	C2_0	3. 8QLGDGH GH GHUHQFLDPHQtR GH 3URMHtRV (VtUDtpJLFRV - 81,G(3
35	309.1014	297.8055	TT1	- Chefe de Unidade III
35	415.9566	297.8055	TT1	DGA-5
35	496.84	297.8055	TT1	-
35	533.8436	297.8055	TT1	1
35	309.1014	287.04	C2_1	- GHVtRU GH 3URMHtRV (VSHFLDOLzD
35	404.0908	287.04	TT1	-
35	309.1014	280.04	TT1	dos nível VI
35	415.9566	287.04	TT1	DGA-7
35	496.84	287.04	TT1	-
35	533.8436	287.04	TT1	2
35	309.1014	269.2746	TT2	4. Ouvidoria Setorial
35	309.1014	258.5091	C2_0	5. CRPLVVmR GH etLFD
35	309.1014	247.7436	C2_0	6. CRPLVVmR 3HUPDQHQtH GH 7RPDGD GH CRQtDV (VSHFLDLV
35	309.1014	236.9781	C2_0	1Í9(/ D( A66(6625A0(172 683(5,25
35	309.1014	226.2126	C2_0	1. GDELQHtH GH DLUHomR 
35	309.1014	215.4471	TT1	- Chefe de Gabinete
35	415.9566	215.4471	TT1	DGA-4
35	496.84	215.4471	TT1	1
35	533.8436	215.4471	TT1	-
35	309.1014	204.6817	C2_1	- AVVHVVRU 7pFQLFR ,
35	415.9566	204.6817	TT1	DGA-4
35	496.84	204.6817	TT1	1
35	533.8436	204.6817	TT1	-
35	309.1014	193.9162	C2_0	2. 8QLGDGH GH AVVHVVRULD
35	309.1014	183.1507	TT1	- Assessor Chefe II 
35	415.9566	183.1507	TT1	DGA-3
35	496.84	183.1507	TT1	1
35	533.8436	183.1507	TT1	-
35	309.1014	172.3852	C2_1	- AVVHVVRU (VSHFLDO ,, 
35	415.9566	172.3852	TT1	DGA-4
35	496.84	172.3852	TT1	3
35	533.8436	172.3852	TT1	-
35	309.1014	161.6197	C2_1	- AVVHVVRU 7pFQLFR ,,
35	415.9566	161.6197	TT1	DGA-5
35	496.84	161.6197	TT1	2
35	533.8436	161.6197	TT1	-
35	309.1014	150.8542	C2_1	- AVVHVVRU 7pFQLFR ,,,
35	415.9566	150.8542	TT1	DGA-6
35	496.84	150.8542	TT1	3
35	533.8436	150.8542	TT1	-
35	309.1014	140.0888	C2_1	- AVVLVtHQtH 7pFQLFR ,
35	415.9566	140.0888	TT1	DGA-8
35	496.84	140.0888	TT1	3
35	533.8436	140.0888	TT1	-
35	309.1014	129.3233	C2_0	1Í9(/ D( AD0,1,675AdÃ2 6,67Ç0,CA
35	309.1014	118.5578	C2_0	1. 6XSHULQtHQGrQFLD AGPLQLVtUDtLvD
35	309.1014	107.7923	C2_1	- 6XSHULQtHQGHQtH
35	415.9566	107.7923	TT1	DGA-3
35	496.84	107.7923	TT1	1
35	533.8436	107.7923	TT1	-
35	309.1014	97.0268	C2_0	1.1. CRRUGHQDGRULD GH GHVtmR 
35	309.1014	90.0268	TT2	de Pessoas
35	309.1014	79.2614	TT1	- Coordenador
35	415.9566	79.2614	TT1	DGA-5
35	496.84	79.2614	TT1	1
35	533.8436	79.2614	TT1	-
35	309.1014	68.4959	TT2	1.2. Coordenadoria de 
35	309.1014	61.4959	C2_0	7HFQRORJLD GD ,QIRUPDomR
35	309.1014	50.7304	TT1	- Coordenador
35	415.9566	50.7304	TT1	DGA-5
35	496.84	50.7304	TT1	1
35	533.8436	50.7304	TT1	-
35	309.1014	39.9649	C2_0	1.3. CRRUGHQDGRULD CRQtiELO
35	309.1014	28.4714	TT1	- Coordenador
35	415.9566	28.4714	TT1	DGA-5
35	496.84	28.4714	TT1	1
35	533.8436	28.4714	TT1	-
36	537.2446	796.9786	TT0	Página 7  
36	25.6368	782.8102	TT1	1.4. Coordenadoria de 
36	25.6368	775.8102	C2_0	ATXLVLoõHV H CRQtUDtRV
36	25.6368	765.0448	TT2	- Coordenador
36	132.492	765.0448	TT2	DGA-5
36	213.3755	765.0448	TT2	1
36	250.379	765.0448	TT2	-
36	25.6368	754.2793	C2_1	- 3UHJRHLUR 
36	132.492	754.2793	TT2	DGA-5
36	213.3755	754.2793	TT2	-
36	250.379	754.2793	TT2	1
36	25.6368	743.5138	TT1	1.5. Coordenadoria de 
36	25.6368	736.5138	C2_0	CRQvrQLRV
36	25.6368	725.7483	TT2	- Coordenador
36	132.492	725.7483	TT2	DGA-5
36	213.3755	725.7483	TT2	1
36	250.379	725.7483	TT2	-
36	25.6368	714.9828	TT1	1.6. Coordenadoria de 
36	25.6368	707.9828	C2_0	2UoDPHQtR H )LQDQoDV
36	25.6368	697.2173	TT2	- Coordenador
36	132.492	697.2173	TT2	DGA-5
36	213.3755	697.2173	TT2	1
36	250.379	697.2173	TT2	-
36	25.6368	686.4519	C2_0	1.6.1. GHUrQFLD GH (xHFXomR 
36	25.6368	679.4519	C2_0	)LQDQFHLUD
36	25.6368	668.6864	TT2	- Gerente 
36	132.492	668.6864	TT2	DGA-6
36	213.3755	668.6864	TT2	1
36	250.379	668.6864	TT2	-
36	25.6368	657.9209	TT1	1.7. Coordenadoria de 
36	25.6368	650.9209	C2_0	3DtULPôQLR H AOPRxDULIDGR
36	25.6368	640.1554	TT2	- Coordenador
36	132.492	640.1554	TT2	DGA-5
36	213.3755	640.1554	TT2	1
36	250.379	640.1554	TT2	-
36	25.6368	629.39	TT1	1.8. Coordenadoria de Apoio 
36	25.6368	622.39	TT1	Logístico
36	25.6368	611.6245	TT2	- Coordenador
36	132.492	611.6245	TT2	DGA-5
36	213.3755	611.6245	TT2	1
36	250.379	611.6245	TT2	-
36	25.6368	600.859	C2_0	1.8.1. GHUrQFLD GH 3URtRFROR H 
36	25.6368	593.859	TT1	Arquivo
36	25.6368	583.0935	TT2	- Gerente 
36	132.492	583.0935	TT2	DGA-6
36	213.3755	583.0935	TT2	1
36	250.379	583.0935	TT2	-
36	25.6368	572.328	C2_0	1.8.2. GHUrQFLD GH 6HUvLoRV H 
36	25.6368	565.328	TT1	Transporte
36	25.6368	554.5625	TT2	- Gerente 
36	132.492	554.5625	TT2	DGA-6
36	213.3755	554.5625	TT2	1
36	250.379	554.5625	TT2	-
36	25.6368	543.7971	C2_0	1Í9(/ D( (;(C8dÃ2 352G5A0Á7,CA
36	25.6368	533.0316	C2_0	1. 6XSHULQtHQGrQFLD GH CUpGLtR )XQGLiULR 
36	25.6368	522.2661	C2_1	- 6XSHULQtHQGHQtH
36	132.492	522.2661	TT2	DGA-3
36	213.3755	522.2661	TT2	1
36	250.379	522.2661	TT2	-
36	25.6368	511.5006	C2_0	1.1. GHUrQFLD GH 5HJXODULzDomR H 5HvLtDOLzDomR
36	25.6368	500.7351	TT2	- Gerente 
36	132.492	500.7351	TT2	DGA-6
36	213.3755	500.7351	TT2	1
36	250.379	500.7351	TT2	-
36	25.6368	489.9696	C2_0	2. 6XSHULQtHQGrQFLD GH DHVHQ
36	120.2431	489.9696	TT1	-
36	25.6368	482.9696	TT1	volvimento Rural
36	25.6368	472.2042	C2_1	- 6XSHULQtHQGHQtH
36	132.492	472.2042	TT2	DGA-3
36	213.3755	472.2042	TT2	-
36	250.379	472.2042	TT2	1
36	25.6368	461.4387	C2_0	2.1. CRRUGHQDGRULD GH ,QFHQtLvR DV AtLvLGDGHV 3URGXtLvDV 
36	25.6368	449.9452	TT2	- Coordenador
36	132.492	449.9452	TT2	DGA-5
36	213.3755	449.9452	TT2	1
36	250.379	449.9452	TT2	-
36	25.6368	439.1797	TT1	2.2. Coordenadoria de Acesso 
36	25.6368	432.1797	C2_0	DR CUpGLtR 5XUDO
36	25.6368	421.4142	TT2	- Coordenador
36	132.492	421.4142	TT2	DGA-5
36	213.3755	421.4142	TT2	1
36	250.379	421.4142	TT2	-
36	25.6368	410.6487	C2_0	2.3. CRRUGHQDGRULD GH ,QIUDHVtUXtXUD 5XUDO
36	25.6368	399.1552	TT2	- Coordenador
36	132.492	399.1552	TT2	DGA-5
36	213.3755	399.1552	TT2	1
36	250.379	399.1552	TT2	-
36	25.6368	388.3897	C2_0	3. 6XSHULQtHQGrQFLD GH 
36	25.6368	381.3897	C2_0	AJULFXOtXUD )DPLOLDU 
36	25.6368	370.6242	C2_1	- 6XSHULQtHQGHQtH
36	132.492	370.6242	TT2	DGA-3
36	213.3755	370.6242	TT2	-
36	250.379	370.6242	TT2	1
36	25.6368	359.8587	TT1	3.1. Coordenadoria de Acesso 
36	25.6368	352.8587	TT1	aos Mercados
36	25.6368	342.0933	TT2	- Coordenador
36	132.492	342.0933	TT2	DGA-5
36	213.3755	342.0933	TT2	1
36	250.379	342.0933	TT2	-
36	25.6368	331.3278	TT1	3.2. Coordenadoria de Apoio às 
36	25.6368	324.3278	C2_0	2UJDQLzDoõHV 
36	25.6368	313.5623	TT2	- Coordenador
36	132.492	313.5623	TT2	DGA-5
36	213.3755	313.5623	TT2	1
36	250.379	313.5623	TT2	-
36	25.6368	302.7968	TT1	3.3. Coordenadoria de Agroin
36	118.5027	302.7968	TT1	-
36	25.6368	295.7968	TT1	dústria
36	25.6368	285.0313	TT2	- Coordenador
36	132.492	285.0313	TT2	DGA-5
36	213.3755	285.0313	TT2	-
36	250.379	285.0313	TT2	1
36	25.6368	274.2658	TT1	3.3.1.
36	44.1223	274.2658	C2_0	GHUrQFLD GR 6LVtHPD (VtDGXDO 8QLILFDGR GH 6DQLGDGH AJURLQGXVtULDO 
36	25.6368	267.2658	C2_0	)DPLOLDU H GH 3HTXHQR 3RUtH 
36	116.9149	267.2658	TT2	- 
36	120.977	267.2658	C2_0	686A)
36	25.6368	256.5004	TT2	- Gerente 
36	132.492	256.5004	TT2	DGA-6
36	213.3755	256.5004	TT2	1
36	250.379	256.5004	TT2	-
36	25.6368	245.7349	C2_0	68B727A/
36	213.3755	245.7349	TT1	38
36	250.379	245.7349	TT1	8
36	25.6368	234.9694	TT1	TOTAL
36	213.3755	234.9694	TT1	46
36	25.6368	212.0178	C2_0	A1(;2 ,,
36	25.6368	201.2523	C2_0	48A17,7A7,92 D( CA5G26 (0 C20,66Ã2 ( )81dÕ(6 D( C21),A1dA 
36	25.6368	192.8523	C2_0	AG583AD26 325 6,0B2/2G,A6 5(081(5A7Ó5,A6 
36	25.6368	170.5933	C2_0	6,0B2/2G,A 5(081(5A7Ó5,A
36	162.8171	170.5933	TT1	CARGO
36	223.3189	170.5933	C2_0	)81dÃ2
36	25.6368	159.8278	TT2	DGA 1
36	162.8171	159.8278	TT2	1
36	223.3189	159.8278	TT2	-
36	25.6368	149.0623	TT2	DGA 2
36	162.8171	149.0623	TT2	2
36	223.3189	149.0623	TT2	-
36	25.6368	138.2968	TT2	DGA 3
36	162.8171	138.2968	TT2	4
36	223.3189	138.2968	TT2	2
36	25.6368	127.5314	TT2	DGA 4
36	162.8171	127.5314	TT2	5
36	223.3189	127.5314	TT2	-
36	25.6368	116.7659	TT2	DGA 5
36	162.8171	116.7659	TT2	15
36	223.3189	116.7659	TT2	3
36	25.6368	106.0004	TT2	DGA 6
36	162.8171	106.0004	TT2	8
36	223.3189	106.0004	TT2	1
36	25.6368	95.2349	TT2	DGA 7
36	162.8171	95.2349	TT2	-
36	223.3189	95.2349	TT2	2
36	25.6368	84.4694	TT2	DGA 8
36	162.8171	84.4694	TT2	3
36	223.3189	84.4694	TT2	-
36	25.6368	73.7039	TT2	DGA 9
36	162.8171	73.7039	TT2	-
36	223.3189	73.7039	TT2	-
36	25.6368	62.9385	TT2	DGA 10
36	162.8171	62.9385	TT2	-
36	223.3189	62.9385	TT2	-
36	25.6368	52.173	C2_0	68B727A/
36	162.8171	52.173	TT1	38
36	223.3189	52.173	TT1	8
36	25.6368	41.4075	TT1	TOTAL
36	162.8171	41.4075	TT1	46
36	22.6772	34.9798	TT2	<#E.G.B#1853068#7#1880205/>
36	227.272	25.5118	TT1	Protocolo 1853068
36	306.1417	789.4101	TT2	<#E.G.B#1853071#7#1880207>
36	322.624	779.4893	TT1	DECRETO N
36	369.7372	779.4893	TT2	°  
36	377.3818	779.4893	TT1	2.254,  DE     11       DE    SETEMBRO   DE 2026.
36	420.3417	759.6478	TT1	Dispõe sobre a Estrutura Organizacional 
36	420.3417	749.7271	C2_0	GD 6HFUHtDULD GH (VtDGR GH )DzHQGD - 
36	420.3417	739.8063	C2_0	6()AZ, D UHGLVtULEXLomR GH FDUJRV HP 
36	420.3417	729.8856	C2_0	FRPLVVmR H IXQoõHV GH FRQfiDQoD.
36	331.5417	710.0441	TT1	O GOVERNADOR DO ESTADO DE MATO GROSSO
36	527.4897	710.0441	TT2	, no uso das 
36	306.1417	700.1234	C2_1	DtULEXLoõHV TXH OKH VmR FRQIHULGDV SHOR DUtLJR 66, LQFLVR ,,,, GD CRQVtLtXLomR 
36	306.1417	690.2026	C2_1	(VtDGXDO, tHQGR HP vLVtD R TXH FRQVtD QR 6()AZ-352-2026/06054;
36	331.5417	680.2819	TT1	D E C R E T A:
36	331.5417	670.3611	TT1	Art.
36	349.9492	670.3611	TT1	1º
36	357.3203	670.3611	C2_1	 A 6HFUHtDULD GH (VtDGR GH )DzHQGD - 6()AZ tHP SRU 
36	306.1417	660.4403	C2_1	fiQDOLGDGH JHULU DV SROttLFDV tULEXtiULD, RUoDPHQtiULD, fiQDQFHLUD H FRQtiELO GR 
36	306.1417	650.5195	TT2	Estado.
36	331.5417	640.5988	TT1	Art.
36	349.7949	640.5988	TT1	2º
36	357.166	640.5988	C2_1	 )LFD DSURvDGD D (VtUXtXUD 2UJDQLzDFLRQDO GD 6HFUHtDULD 
36	306.1417	630.678	C2_1	GH (VtDGR GH )DzHQGD - 6()AZ, GH DFRUGR FRP R TXH GLVSõH D /HL 
36	306.1417	620.7573	C2_1	CRPSOHPHQtDU Qº 13, GH 16 GH MDQHLUR GH 1992, /HL CRPSOHPHQtDU Qº 
36	306.1417	610.8365	C2_1	264, GH 28 GH GHzHPEUR GH 2006, /HL CRPSOHPHQtDU Qº 266, GH 29 GH 
36	306.1417	600.9158	C2_1	GHzHPEUR GH 2006, /HL CRPSOHPHQtDU Qº 506, GH 11 GH VHtHPEUR GH 2013, 
36	306.1417	590.995	C2_1	/HL CRPSOHPHQtDU Qº 612, GH 28 GH MDQHLUR GH 2019, /HL CRPSOHPHQtDU Qº 
36	306.1417	581.0743	C2_1	734, GH 01 GH DEULO GH 2022 H /HL CRPSOHPHQtDU Qº 755, GH 12 GH MDQHLUR 
36	306.1417	571.1535	TT2	de 2023.
36	331.5417	561.2327	TT1	Art.
36	349.8401	561.2327	TT1	3º
36	357.2112	561.2327	C2_1	 A (VtUXtXUD 2UJDQLzDFLRQDO GD 6HFUHtDULD GH (VtDGR GH 
36	306.1417	551.312	C2_1	)DzHQGD - 6()AZ FRPSUHHQGH DV VHJXLQtHV XQLGDGHV DGPLQLVtUDtLvDV:
36	331.5417	531.4705	C2_0	, - 1Í9(/ D( D(C,6Ã2 C2/(G,ADA
36	331.5417	521.5497	C2_1	1. CROHJLDGR GH GRvHUQDQoD H GHVtmR (VtUDtpJLFD
36	331.5417	511.629	C2_1	2. CRQVHOKR 6XSHULRU GD 5HFHLtD 3úEOLFD
36	331.5417	501.7082	C2_1	3. CRQVHOKR 6XSHULRU GR 7HVRXUR (VtDGXDO
36	331.5417	491.7874	TT2	4. Conselho Gestor de Investimentos Financeiros
36	331.5417	481.8667	TT2	5. Conselho de Contribuintes
36	331.5417	471.9459	C2_1	6. CRPLtr 6HtRULDO GD 5HFHLtD
36	331.5417	462.0252	C2_1	7. CRPLtr GH ,QvHVtLPHQtRV )LQDQFHLURV GR 7HVRXUR
36	331.5417	442.1837	C2_0	,, - 1Í9(/ D( D,5(dÃ2 683(5,25
36	331.5417	432.2629	C2_1	1. GDELQHtH GR 6HFUHtiULR GH (VtDGR GH )DzHQGD
36	331.5417	422.3422	C2_1	1.1. GDELQHtH GR 6HFUHtiULR AGMXQtR GR 7HVRXUR (VtDGXDO
36	331.5417	412.4214	C2_1	1.2. GDELQHtH GR 6HFUHtiULR AGMXQtR GD 5HFHLtD 3úEOLFD
36	331.5417	402.5006	C2_1	1.3. GDELQHtH GR 6HFUHtiULR AGMXQtR GH AGPLQLVtUDomR )DzHQGiULD
36	331.5417	392.5799	C2_1	1.4. GDELQHtH GR 6HFUHtiULR AGMXQtR GH 3URMHtRV (VtUDtpJLFRV
36	331.5417	382.6591	C2_1	1.5. GDELQHtH GR 6HFUHtiULR AGMXQtR GR 2UoDPHQtR (VtDGXDO
36	331.5417	372.7384	C2_1	1.6. GDELQHtH GR 6HFUHtiULR AGMXQtR GD CRQtDGRULD GHUDO GR (VtDGR
36	331.5417	362.8176	C2_1	1.7. GDELQHtH GR 6HFUHtiULR AGMXQtR GH 7UDQVIRUPDomR DLJLtDO H 
36	331.5417	352.8969	C2_1	,QRvDomR )DzHQGiULD
36	331.5417	333.0553	C2_0	,,, - 1Í9(/ D( A32,2 (675A7eG,C2 ( (63(C,A/,ZAD2
36	331.5417	323.1346	C2_1	1. 1úFOHR GH GHVtmR (VtUDtpJLFD SDUD 5HVXOtDGRV - 1G(5
36	331.5417	313.2138	C2_1	2. 8QLGDGH (VtUDtpJLFD GH GHVtmR GH 3URMHtRV
36	331.5417	303.2931	C2_1	3. CRUUHJHGRULD )DzHQGiULD
36	331.5417	293.3723	C2_1	3.1. 8QLGDGH 6HtRULDO GH CRUUHLomR
36	331.5417	283.4516	C2_1	3.2. 8QLGDGH GH ,QVSHomR )DzHQGiULD
36	331.5417	273.5308	C2_1	4. 8QLGDGH GH 2XvLGRULD )DzHQGiULD
36	331.5417	263.61	C2_1	5. 8QLGDGH 6HtRULDO GH CRQtUROH ,QtHUQR - 81,6(C,
36	331.5417	253.6893	TT2	6. Comissão de Ética
36	331.5417	243.7686	TT2	7. Comissão Gestora Interna A3P
36	331.5417	233.8478	C2_1	8. 8QLGDGH 6HtRULDO GD 3URFXUDGRULD GHUDO GR (VtDGR
36	331.5417	223.927	C2_1	9. 8QLGDGH GH DHVHQvROvLPHQtR GH 1HJyFLR GR 2UoDPHQtR
36	331.5417	214.0063	C2_1	10.8QLGDGH GH DHVHQvROvLPHQtR GR 1HJyFLR GR 7HVRXUR
36	331.5417	204.0855	C2_1	11. 8QLGDGH GH DHVHQvROvLPHQtR GRV 1HJyFLRV GD 5HFHLtD
36	331.5417	194.1647	C2_1	12. 8QLGDGH GH DHVHQvROvLPHQtR GR 1HJyFLR GD CRQtDGRULD
36	331.5417	184.244	C2_1	13. 8QLGDGH GH DHVHQvROvLPHQtR GH 1HJyFLR GH 3URMHtRV 
36	331.5417	174.3232	C2_1	(VtUDtpJLFRV
36	331.5417	164.4025	C2_1	14. 8QLGDGH GH DHVHQvROvLPHQtR GRV 1HJyFLRV )DzHQGiULRV
36	331.5417	154.4817	C2_1	15. 8QLGDGH (xHFXtLvD )DzHQGiULD
36	331.5417	144.561	C2_1	16. 8QLGDGH (xHFXtLvD GD 5HFHLtD 3úEOLFD
36	331.5417	134.6402	C2_1	16.1. 8QLGDGH GH CRQtUROH GH 3URFHVVRV -XGLFLDLV
36	331.5417	124.7194	TT2	17. Unidade Executiva do Tesouro Estadual
36	331.5417	114.7987	TT2	18. Unidade de Política Financeira Estadual
36	331.5417	104.8779	C2_1	19. 8QLGDGH GH 1RUPDV H ASRLR (VtUDtpJLFR GR 7HVRXUR (VtDGXDO
36	331.5417	94.9572	C2_1	20. 8QLGDGH GH 0RGHUQLzDomR H 6ROXoõHV DLJLtDLV GR 7HVRXUR 
36	331.5417	85.0364	TT2	Estadual
36	331.5417	75.1157	TT2	21. Unidade de Relações Federativas do Tesouro Estadual
36	331.5417	65.1949	C2_1	22. 8QLGDGH GH 3ROttLFD 7ULEXtiULD (VtDGXDO
36	331.5417	55.2742	TT2	23. Unidade de Relações Federativas Fiscais
36	331.5417	45.3534	C2_1	24. 8QLGDGH GH ,QtHOLJrQFLD )LVFDO H 2SHUDoõHV (VtUDtpJLFDV
36	331.5417	35.4326	C2_1	25. 8QLGDGH GH 3HVTXLVD (FRQôPLFD H AQiOLVH GD 5HFHLtD
36	331.5417	25.5119	C2_1	26. 8QLGDGH GH 6HUvLoRV GH CRPXQLFDomR
37	537.2446	796.9143	TT0	Página 8  
37	48.0771	785.0419	C2_0	27. 8QLGDGH GR CRQtHQFLRVR AGPLQLVtUDtLvR 7ULEXtiULR
37	48.0771	774.9149	C2_0	27.1. CRRUGHQDGRULD GH -XOJDPHQtR GH ,PSXJQDomR GH CUpGLtR 
37	48.0771	764.7878	C2_0	7ULEXtiULR
37	48.0771	754.6607	TT1	27.2. Coordenadoria de Controle e Tramitação de Processo 
37	48.0771	744.5336	C2_0	AGPLQLVtUDtLvR 7ULEXtiULR
37	48.0771	734.4066	C2_0	28. 8QLGDGH (VtUDtpJLFD GH 6XSRUtH D GHVtmR H CRRUGHQDomR GH 
37	48.0771	724.2795	TT1	Contas
37	48.0771	714.1525	C2_0	29. 8QLGDGH (VtUDtpJLFD GH 7HFQRORJLD GD ,QIRUPDomR GD CRQtDGRULD
37	48.0771	704.0254	C2_0	30. 8QLGDGH 0LOLtDU GH 2SHUDoõHV CRQMXQtDV
37	48.0771	693.8983	C2_0	31. 8QLGDGH GH CRRUGHQDomR GR 3URJUDPD
37	48.0771	683.7712	TT1	32. Unidade de Gestão de Riscos
37	48.0771	673.6442	C2_0	33. 8QLGDGH GH DHVHQvROvLPHQtR GH 1HJyFLRV GH 7HFQRORJLD GD 
37	48.0771	663.5171	TT1	Informação
37	48.0271	653.39	TT1	34. Unidade de Uniformização de Entendimentos e Resolução de\ 
37	48.0271	643.2629	C2_0	CRQflLtRV
37	48.0271	633.1359	C2_0	34.1. 8QLGDGH GH DLvXOJDomR H CRQVXOtRULD GH 1RUPDV GD 5HFHLtD 
37	48.0271	623.0088	C2_0	3úEOLFD
37	48.0271	612.8817	TT1	35. Unidade de Gestão de Proteção de Dados e Informações
37	48.0771	592.6276	C2_1	,9 - 1Í9(/ D( A66(6625A0(172 683(5,25
37	48.0771	582.5005	TT1	1. Gabinete de Direção
37	48.0771	572.3734	TT1	2. Unidade de Assessoria
37	48.0771	552.1193	C2_1	9 - 1Í9(/ D( AD0,1,675AdÃ2 6,67Ç0,CA
37	48.0771	541.9922	C2_0	1. 6XSHULQtHQGrQFLD GH GHVtmR GH 3HVVRDV
37	48.0771	531.8652	C2_0	1.1. CRRUGHQDGRULD GH 3URvLPHQtR H ASOLFDomR
37	48.0771	521.7381	C2_0	1.2. CRRUGHQDGRULD GH 0DQXtHQomR
37	48.0771	511.611	TT1	1.3. Coordenadoria de Desenvolvimento
37	48.0771	501.4839	C2_0	1.4. CRRUGHQDGRULD GH 6DúGH QR 7UDEDOKR H 4XDOLGDGH GH 9LGD
37	48.0771	491.3569	C2_0	1.5. CRRUGHQDGRULD GH (VFROD )DzHQGiULD
37	48.0771	471.1028	C2_0	2. 6XSHULQtHQGrQFLD GH 2UoDPHQtR, )LQDQoDV H CRQtDELOLGDGH
37	48.0771	460.9757	TT1	2.1.Coordenadoria de Orçamento
37	48.0771	450.8486	TT1	2.2. Coordenadoria Financeira
37	48.0771	440.7216	C2_0	2.3. CRRUGHQDGRULD CRQtiELO
37	48.0771	420.4674	C2_0	3. 6XSHULQtHQGrQFLD GH ATXLVLoõHV H CRQtUDtRV
37	48.0771	410.3404	TT1	3.1. Coordenadoria de Aquisições
37	48.0771	400.2133	C2_0	3.2. CRRUGHQDGRULD GH CRQtUDtRV H GHVtmR GH AtDV GH 5HJLVtUR GH 
37	48.0771	390.0862	TT1	Preço
37	48.0771	369.8321	C2_0	4. 6XSHULQtHQGrQFLD GH 3DtULPôQLR H 6HUvLoRV
37	48.0771	359.705	C2_0	4.1. CRRUGHQDGRULD GH 3DtULPôQLR 0RELOLiULR H 0DtHULDLV
37	48.0771	349.5779	C2_0	4.2. CRRUGHQDGRULD GH 0HUFDGRULDV ASUHHQGLGDV
37	48.0771	339.4509	C2_0	4.3. CRRUGHQDGRULD GH AUTXLvRV H DRFXPHQtRV DLJLtDLV
37	48.0771	329.3238	C2_0	4.4. CRRUGHQDGRULD GH 6HUvLoRV H 7UDQVSRUtHV
37	48.0771	309.0697	C2_0	5. 6XSHULQtHQGrQFLD GH ,QIUDHVtUXtXUD H 3DtULPôQLR ,PRELOLiULR
37	48.0771	298.9426	C2_0	5.1. CRRUGHQDGRULD GH 3ODQHMDPHQtR GH ,QIUDHVtUXtXUD
37	48.0771	288.8155	TT1	5.2. Coordenadoria de Execução de Infraestrutura
37	48.0771	268.5614	C2_0	6. 6XSHULQtHQGrQFLD GH 7HFQRORJLD GD ,QIRUPDomR
37	48.0771	258.4343	C2_0	6.1. CRRUGHQDGRULD GH 6LVtHPDV )DzHQGiULRV
37	48.0771	248.3073	TT1	6.2. Coordenadoria de Infraestrutura de TI
37	48.0771	238.1802	C2_0	6.3. CRRUGHQDGRULD GH 6HUvLoRV GH 7,
37	48.0771	228.0531	C2_0	6.4. CRRUGHQDGRULD GH GHVtmR GH DDGRV H AUTXLtHtXUD GH 6RItwDUH
37	48.0771	217.926	C2_0	6.5. CRRUGHQDGRULD GH 6LVtHPDV ,QIRUPDtLzDGRV GD 5HFHLtD
37	48.0771	197.6719	C2_0	7. 6XSHULQtHQGrQFLD GH 6HUvLoRV DLJLtDLV H ,QRvDomR
37	48.0771	187.5449	C2_0	7.1. CRRUGHQDGRULD GH (xHFXomR GH 6HUvLoRV DLJLtDLV
37	48.0771	177.4178	C2_0	7.2. CRRUGHQDGRULD GH 3ODQHMDPHQtR GH ATXLVLoõHV GH 7,
37	48.0771	157.1636	C2_1	9, - 1Í9(/ D( (;(C8dÃ2 352G5A0Á7,CA
37	48.0771	147.0366	C2_0	1. 6XSHULQtHQGrQFLD GH GHVtmR )LQDQFHLUD GR 7HVRXUR
37	48.0771	136.9095	C2_0	1.1. CRRUGHQDGRULD GH GHVtmR GH 3URJUDPDomR H GRV 5HSDVVHV 
37	48.0771	126.7824	TT1	Financeiros
37	48.0771	116.6554	C2_0	1.2. CRRUGHQDGRULD GH GHVtmR GR 5HJLVtUR GD 5HFHLtD (VtDGXDO
37	48.0771	106.5283	C2_0	1.3. CRRUGHQDGRULD GH CRQtUROH GDV DLVSRQLELOLGDGHV GR (VtDGR
37	48.0771	96.4012	TT1	1.4. Coordenadoria de Execução Financeira do Tesouro
37	48.0771	86.2742	TT1	1.5. Coordenadoria de Investimentos Financeiros do Tesouro
37	48.0771	66.02	C2_0	2. 6XSHULQtHQGrQFLD GH AGPLQLVtUDomR GH 2EUDV H CRQvrQLRV
37	48.0771	55.8929	TT1	2.1. Coordenadoria de Gestão Financeira de Obras
37	48.0771	45.7659	C2_0	2.2. CRRUGHQDGRULD GH GHVtmR GRV CRQvrQLRV GH ,QJUHVVR
37	48.0771	35.6389	C2_0	2.3. CRRUGHQDGRULD GH CHOHEUDomR H AFRPSDQKDPHQtR GH 
37	48.0771	25.5118	C2_0	CRQvrQLRV GH DHVFHQtUDOLzDomR
37	331.5417	785.0419	C2_0	3. 6XSHULQtHQGrQFLD GH 2EULJDoõHV )LQDQFHLUDV GR 7HVRXUR
37	331.5417	775.0946	TT1	3.
37	338.2136	775.0946	C2_0	1. CRRUGHQDGRULD GH GHVtmR GD DtvLGD 3úEOLFD
37	331.5417	765.4473	C2_0	3.2. CRRUGHQDGRULD GH (xLJtvHLV H 5HDOLzivHLV GR 7HVRXUR
37	331.5417	755.8	C2_0	3.3. CRRUGHQDGRULD GH GHVtmR GDV 2EULJDoõHV 7ULEXtiULDV GR (VtDGR
37	331.5417	736.5054	TT1	4. Coordenadoria de 
37	406.7058	736.5054	C2_0	3ODQHMDPHQtR H GHVtmR GH 6LVtHPDV CRQtiELO
37	331.5417	717.8109	C2_0	5. CRRUGHQDGRULD GH 1RUPDV H AFRPSDQKDPHQtR )LVFDO
37	331.5417	699.1163	TT1	6. Coordenadoria de Conciliação e Prestação de Contas
37	331.5417	680.4218	C2_0	7. CRRUGHQDGRULD GH AFRPSDQKDPHQtR GH (xHFXomR, 2UoDPHQtiULD 
37	331.5417	671.0745	C2_0	)LQDQFHLUD H CRQtiELO
37	331.5417	652.3799	C2_0	8. CRRUGHQDGRULD GH DHVHQvROvLPHQtR H 6XVtHQtDomR GR ),3/A1
37	331.5417	633.6853	C2_0	9. 6XSHULQtHQGrQFLD GH ,QIRUPDoõHV GD 5HFHLtD 3úEOLFD
37	331.5417	624.338	TT1	9.1. Coordenadoria de Documentos e Declarações Fiscais
37	331.5417	614.9907	TT1	9.2. Coordenadoria de Cadastro
37	331.5417	605.6434	C2_0	9.3. CRRUGHQDGRULD GH 5HVtLtXLoõHV H 5HJLVtUR GD 5HFHLtD 3úEOLFD
37	331.5417	596.2961	TT1	9.4. Coordenadoria de Conta Corrente
37	331.5417	577.6016	C2_0	10. 6XSHULQtHQGrQFLD GH CRQtUROH H 0RQLtRUDPHQtR
37	331.5417	568.2543	TT1	10.1. Coordenadoria de Controle de Declarações
37	331.5417	558.907	C2_0	10.2. CRRUGHQDGRULD GH CRQtUROH GH CRPpUFLR (xtHULRU, BHQHItFLRV H 
37	331.5417	549.5598	C2_0	5HJLPHV (VSHFLDLV
37	331.5417	540.2125	C2_0	10.3. CRRUGHQDGRULD GH 0RQLtRUDPHQtR (OHtUôQLFR
37	331.5417	530.8652	TT1	10.4. Coordenadoria de Controle de Combustíveis e Biocombustíveis
37	331.5417	512.1706	C2_0	11. 6XSHULQtHQGrQFLD GH )LVFDOLzDomR
37	331.5417	502.8233	TT1	11.1. Coordenadoria de Fiscalização Volante em Postos Fiscais e 
37	331.5417	493.476	C2_0	7UDQVSRUtDGRUDV
37	331.5417	484.1288	C2_0	11.2. CRRUGHQDGRULD GH )LVFDOLzDomR GH CRPEXVttvHO, CRPpUFLR H 
37	331.5417	474.7815	C2_0	6HUvLoRV
37	331.5417	465.4342	C2_0	11.3. CRRUGHQDGRULD GH )LVFDOLzDomR GH ,QGúVtULD H AJURQHJyFLRV
37	331.5417	456.0869	C2_0	11.4. CRRUGHQDGRULD GH AXGLtRULD CRQtiELO H )LQDQFHLUD
37	331.5417	446.7396	C2_0	11.5. CRRUGHQDGRULD GD CRQIRUPLGDGH H GD 5HSUHVHQtDomR )LVFDO
37	331.5417	428.045	C2_0	12. 6XSHULQtHQGrQFLD GR 2UoDPHQtR (VtDGXDO
37	331.5417	418.6978	C2_0	12.1. CRRUGHQDGRULD GH GHVtmR GD (xHFXomR 2UoDPHQtiULD ,
37	331.5417	409.3505	C2_0	12.2. CRRUGHQDGRULD GH GHVtmR GD (xHFXomR 2UoDPHQtiULD ,,
37	331.5417	390.6559	C2_0	13. 6XSHULQtHQGrQFLD GH GHVtmR GH 3URMHtRV (VtUDtpJLFRV
37	331.5417	381.3086	C2_0	13.1. CRRUGHQDGRULD GH (xHFXomR GH 3URGXtRV (VtUDtpJLFRV
37	331.5417	371.9613	C2_0	13.2. CRRUGHQDGRULD GH 3URMHtRV GH ,QtHOLJrQFLD AUtLfiFLDO
37	331.5417	362.614	C2_0	13.3. CRRUGHQDGRULD GH ,PSOHPHQtDomR GD 5HIRUPD 7ULEXtiULD
37	331.5417	343.9195	C2_0	14. 6XSHULQtHQGrQFLD GH AtHQGLPHQtR DR CRQtULEXLQtH
37	331.5417	334.5722	TT1	14.1. Coordenadoria do IPVA
37	331.5417	325.2249	TT1	14.2. Coordenadoria do ITCD e Outras Receitas
37	331.5417	315.8776	TT1	14.3. Coordenadoria de Atendimento Remoto
37	331.5417	306.5303	C2_0	14.4. CRRUGHQDGRULD GH 3URPRomR GD 5HJXODULGDGH )LVFDO
37	331.5417	287.8358	C2_0	15. 6XSHULQtHQGrQFLD GH (VtXGRV H 3ROttLFDV 2UoDPHQtiULDV
37	331.5417	269.1412	C2_1	9,, - 1Í9(/ D( AD0,1,675AdÃ2 5(G,21A/,ZADA
37	331.5417	259.7939	C2_0	1. CRRUGHQDGRULD 0HtURSROLtDQD GH AtHQGLPHQtR DR CRQtULEXLQtH
37	331.5417	250.4466	C2_0	2. CRRUGHQDGRULD 5HJLRQDO 6XO GH AtHQGLPHQtR DR CRQtULEXLQtH
37	331.5417	241.0993	C2_0	3. CRRUGHQDGRULD 5HJLRQDO 2HVtH GH AtHQGLPHQtR DR CRQtULEXLQtH
37	331.5417	231.752	C2_0	4. CRRUGHQDGRULD 5HJLRQDO 1RURHVtH GH AtHQGLPHQtR DR CRQtULEXLQtH
37	331.5417	222.4047	C2_0	5. CRRUGHQDGRULD 5HJLRQDO 1RUtH GH AtHQGLPHQtR DR CRQtULEXLQtH
37	331.5417	213.0575	C2_0	6.  CRRUGHQDGRULD 5HJLRQDO /HVtH GH AtHQGLPHQtR DR CRQtULEXLQtH
37	331.5417	194.3629	C2_1	9,,, - 1Í9(/ D( AD0,1,675AdÃ2 D(6C(175A/,ZADA
37	331.5417	185.0156	C2_0	1. BDQFR GR (VtDGR GH 0DtR GURVVR - B(0A7 (HP OLTXLGDomR)
37	331.5417	166.321	TT2	Art.
37	348.703	166.321	TT2	4º
37	356.0741	166.321	C2_0	 A FRPSRVLomR H DtULEXLoõHV GRV CROHJLDGRV DUURODGRV QRV 
37	306.1418	156.9738	C2_0	LtHQV 1 D 5 GR LQFLVR , GR DUtLJR 3º, GHVtH DHFUHtR, VHUmR HVtDEHOHFLGDV 
37	306.1418	147.6265	C2_0	QR UHJLPHQtR LQtHUQR RX HP DtR HxSHGLGR SHOR 6HFUHtiULR GH (VtDGR GH 
37	306.1418	138.2792	TT1	Fazenda.
37	331.5417	128.9319	TT2	Art.
37	347.3547	128.9319	TT2	5º
37	354.7258	128.9319	TT1	 As Unidades Administrativas listadas nos itens 1, 3, 4, 5, 6, 7, 
37	306.1418	119.5846	C2_0	8, 26, 30, 31, 32 H 35 GR LQFLVR ,,, H R LQFLVR ,9 GR DUtLJR 3º, GHVtH DHFUHtR, 
37	306.1418	110.2373	C2_0	SRVVXHP vtQFXOR KLHUiUTXLFR H DGPLQLVtUDtLvR FRP R GDELQHtH GR 6HFUHtiULR 
37	306.1418	100.89	TT1	de Estado de Fazenda.
37	331.5417	91.5428	TT2	Art.
37	348.211	91.5428	TT2	6º
37	355.5821	91.5428	TT1	 As Unidades Administrativas listadas no item 9 do inciso III 
37	306.1418	82.1955	C2_0	H LtHQV 12 H 15 GR LQFLVR 9, GR DUtLJR 3º, GHVtH DHFUHtR, SRVVXHP vtQFXOR 
37	306.1418	72.8482	C2_0	KLHUiUTXLFR H DGPLQLVtUDtLvR FRP R GDELQHtH GR 6HFUHtiULR AGMXQtR GH 
37	306.1418	63.5009	TT1	Orçamento Estadual.
37	331.5417	54.1536	TT2	Art.
37	347.8871	54.1536	TT2	7º
37	355.2582	54.1536	TT1	 As Unidades Administrativas listadas nos itens 7 do inciso I, 
37	306.1418	44.8063	C2_0	10, 17, 18, 19, 20 H 21 GR LQFLVR ,,,, LtHQV GH 1 D 3 GR LQFLVR 9, GR DUtLJR 3º, 
37	306.1418	35.1591	C2_0	SRVVXHP vtQFXOR KLHUiUTXLFR H DGPLQLVtUDtLvR FRP R GDELQHtH GR 6HFUHtiULR 
37	306.1418	25.5118	C2_0	AGMXQtR GR 7HVRXUR (VtDGXDO.
38	537.2446	796.9786	TT0	Página 9  
38	48.0772	785.0419	TT1	Art.
38	64.1149	785.0419	TT1	8º
38	71.486	785.0419	TT2	 As Unidades Administrativas listadas nos itens 11,16, 22, 23, 
38	22.6772	775.4115	TT2	24, 25, 27 e 34 do inciso III, itens de 9, 10, 11 e 14 do inciso VI, e os itens 
38	22.6772	765.7811	C2_0	4 H 5 GR LQFLVR , GR DUtLJR 3º, GHVtH DHFUHtR, SRVVXHP vtQFXOR KLHUiUTXLFR 
38	22.6772	756.1508	C2_0	H DGPLQLVtUDtLvR FRP R GDELQHtH GR 6HFUHtiULR AGMXQtR GD 5HFHLtD 3úEOLFD.
38	48.0772	746.5204	C2_1	3DUiJUDIR úQLFR.
38	111.3341	746.5204	C2_0	 AV CRRUGHQDGRULDV 5HJLRQDLV GH AtHQGLPHQtR DR 
38	22.6772	736.89	C2_0	CRQtULEXLQtH FRQVtDQtHV QR LQFLVR 9,, GR DUtLJR 3º, GHVtH DHFUHtR, SRVVXHP 
38	22.6772	727.2596	C2_0	vtQFXOR KLHUiUTXLFR H DGPLQLVtUDtLvR FRP R LtHP 14 GR LQFLVR 9,.
38	48.0772	717.6293	TT1	Art.
38	65.0681	717.6293	TT1	9º
38	72.4392	717.6293	TT2	 As Unidades Administrativas listadas nos itens 14 e 15 do 
38	22.6772	707.9989	C2_0	LQFLVR ,,, H LtHQV GH 1 D 5 R LQFLVR 9 GR DUtLJR 3º, GHVtH DHFUHtR, SRVVXHP 
38	22.6772	698.3685	C2_0	vtQFXOR KLHUiUTXLFR H DGPLQLVtUDtLvR FRP R GDELQHtH GR 6HFUHtiULR AGMXQtR 
38	22.6772	688.7382	C2_0	GH AGPLQLVtUDomR )DzHQGiULD.
38	48.0772	679.1078	TT1	Art.
38	65.3337	679.1078	TT1	10
38	74.2322	679.1078	TT2	 As Unidades Administrativas listadas nos itens 2 e 13 do 
38	22.6772	669.4774	C2_0	LQFLVR ,,,, H LtHP 13 GR LQFLVR 9, GR DUtLJR 3º, GHVtH DHFUHtR, SRVVXHP 
38	22.6772	659.847	C2_0	vtQFXOR KLHUiUTXLFR H DGPLQLVtUDtLvR FRP R GDELQHtH GR 6HFUHtiULR AGMXQtR 
38	22.6772	650.2167	C2_0	GH 3URMHtRV (VtUDtpJLFRV.
38	48.0772	640.5863	TT1	Art.
38	63.7831	640.5863	TT1	11
38	72.2401	640.5863	TT2	 As Unidades Administrativas listadas nos itens 12, 28 e 29 do 
38	22.6772	630.9559	C2_0	LQFLVR ,,, H LtHQV GH 4 D 8 GR LQFLVR 9, GR DUtLJR 3º, GHVtH DHFUHtR, SRVVXHP 
38	22.6772	621.3256	C2_0	vtQFXOR KLHUiUTXLFR H DGPLQLVtUDtLvR FRP R GDELQHtH GR 6HFUHtiULR AGMXQtR 
38	22.6772	611.6952	TT2	da Contadoria Geral do Estado.
38	48.0772	602.0648	TT1	Art.
38	65.6977	602.0648	TT1	12
38	74.5962	602.0648	TT2	 A Unidade Administrativa listada no item 33 do inciso III 
38	22.6772	592.4344	C2_0	H LtHQV 6 H 7 GR LQFLVR 9 GHVtH DHFUHtR, SRVVXHP vtQFXOR KLHUiUTXLFR H 
38	22.6772	582.8041	C2_0	DGPLQLVtUDtLvR FRP R GDELQHtH GR 6HFUHtiULR AGMXQtR GH 7UDQVIRUPDomR 
38	22.6772	573.1737	C2_0	DLJLtDO H ,QRvDomR )DzHQGiULD.
38	48.0772	563.5433	TT1	Art.
38	64.2594	563.5433	TT1	13
38	73.1578	563.5433	C2_0	 2V FDUJRV HP FRPLVVmR H IXQoõHV GH FRQfiDQoD LQtHJUDQtHV 
38	22.6772	553.913	C2_0	GD ORtDomR GD 6HFUHtDULD GH (VtDGR GH )DzHQGD - 6()AZ VmR RV FRQVtLtXtGRV 
38	22.6772	544.2826	C2_0	FRQIRUPH AQHxRV , H ,, GHVtH GHFUHtR, FRP D GHQRPLQDomR H TXDQtLfiFDomR 
38	22.6772	534.6522	C2_0	DOL SUHvLVtDV H HVtDEHOHFLGDV FRP EDVH QDV /HLV TXH GHUDP RULJHP DRV 
38	22.6772	525.0219	C2_0	UHIHULGRV FDUJRV H IXQoõHV RUD UHPDQHMDGRV H/RX tUDQVIRUPDGRV, VHP 
38	22.6772	515.3915	C2_0	DXPHQtR GH GHVSHVDV, QRV tHUPRV GD /HL CRPSOHPHQtDU Qº 266, GH 29 GH 
38	22.6772	505.7611	TT2	dezembro de 2006.
38	48.0771	496.1308	TT1	Art.
38	63.92	496.1308	TT1	14
38	72.8185	496.1308	C2_0	 2V FDUJRV HP FRPLVVmR H IXQoõHV GH FRQfiDQoD VmR FULDGRV, 
38	22.6771	486.5004	C2_0	HxFOXVLvDPHQtH, SRU /HL, IDFXOtDGR DR CKHIH GR 3RGHU (xHFXtLvR, PHGLDQtH 
38	22.6771	476.87	C2_0	DHFUHtR GRvHUQDPHQtDO, R UHPDQHMDPHQtR, D tUDQVIRUPDomR H D DOtHUDomR 
38	22.6771	467.2397	C2_0	GD QRPHQFODtXUD, vHGDGR DXPHQtR GDV GHVSHVDV, FRQIRUPH GLVSRVtR QR 
38	22.6771	457.6093	C2_0	DUtLJR 4º GD /HL CRPSOHPHQtDU Qº 266, GH 29 GH GHzHPEUR GH 2006.
38	48.0771	438.3486	TT1	Art.
38	66.9953	438.3486	TT1	15
38	75.8938	438.3486	C2_0	 ,QFXPEH DR 6HFUHtiULR GH (VtDGR GH )DzHQGD, HGLtDU 
38	22.6771	428.7182	C2_0	R 5HJLPHQtR ,QtHUQR QR SUDzR GH 150 (FHQtR H FLQTXHQtD) GLDV, HP 
38	22.6771	419.0878	C2_0	FRQIRUPLGDGH FRP R DHFUHtR Qº 1.684, GH 10 GH RXtXEUR GH 2018.
38	48.0771	399.8271	TT1	Art.
38	64.3887	399.8271	TT1	16
38	73.2871	399.8271	C2_0	 )LFD GHtHUPLQDGR TXH p GH UHVSRQVDELOLGDGH GD XQLGDGH GH 
38	22.6771	390.1967	C2_0	JHVtmR GH SHVVRDV GR yUJmR, QR SUDzR PixLPR GH 10 (GHz) GLDV, SURPRvHU 
38	22.6771	380.5663	C2_0	D ORtDomR GRV VHUvLGRUHV QDV XQLGDGHV vLJHQtHV.
38	48.0771	361.3056	TT1	Art.
38	66.9463	361.3056	TT1	17
38	75.8447	361.3056	TT2	 Os atos de nomeações e exonerações deverão fazer 
38	22.6771	351.6752	C2_0	UHIHUrQFLD HxSUHVVD j 8QLGDGH AGPLQLVtUDtLvD RQGH VHUmR QRPHDGRV RX 
38	22.6771	342.0449	C2_0	HxRQHUDGRV RV RFXSDQtHV GRV FDUJRV HP FRPLVVmR RX IXQoõHV GH FRQfiDQoD.
38	48.0771	322.7841	TT1	Art.
38	64.0771	322.7841	TT1	18
38	72.9756	322.7841	C2_0	 (VtH DHFUHtR HQtUD HP vLJRU HP 1º GH RXtXEUR GH 2026.
38	48.0771	303.5234	TT1	Art.
38	64.0771	303.5234	TT1	19
38	72.9756	303.5234	C2_0	 5HvRJD-VH R DHFUHtR Qº 2.179, GH 26 GH MXQKR GH 2026.
38	48.0771	284.2626	C2_0	3DOiFLR 3DLDJXiV, HP CXLDEi-07, 11  GH VHtHPEUR  GH 2026.
38	117.6828	265.0019	C2_1	27A9,A12 3,9(77A
38	115.6574	255.3715	TT3	Governador do Estado
38	100.1242	236.1108	C2_1	AD-A,0( 5A026 D( 628ZA
38	100.9934	226.4804	TT3	Secretário-Chefe da Casa Civil
38	66.343	207.2197	C2_1	BA6Í/,2 B(Z(55A G8,0A5Ã(6 D26 6A1726
38	70.0735	197.5893	TT3	Secretário de Estado de Planejamento e Gestão
38	98.6457	178.3286	C2_1	)ÁB,2 )(51A1D(6 3,0(17A
38	96.3117	168.6982	TT3	Secretário de Estado de Fazenda
38	22.6771	149.4374	C2_1	A1(;2 ,
38	25.5118	131.7459	C2_1	D,675,B8,dÃ2 D( CA5G26 (0 C20,66Ã2 ( )81dÕ(6 D( C21),A1dA 1A 
38	25.5118	123.3459	C2_1	(6758785A 25GA1,ZAC,21A/
38	25.6368	93.0643	C2_1	81,DAD
38	51.4963	93.0643	TT2	E
38	111.2199	93.0643	C2_1	6,0B2/2G,A 5(08
38	175.2552	93.0643	TT1	-
38	111.2199	84.6643	C2_1	1(5A7Ó5,A
38	187.5521	93.0643	C2_1	48A17,DAD(
38	187.5521	82.2988	TT1	CARGO
38	240.7323	82.2988	C2_1	)81dÃ2
38	25.6368	71.5333	C2_1	1Í9(/ D( D(C,6Ã2 C2/(G,ADA
38	25.6368	60.7678	C2_1	1. CROHJLDGR GH GRvHUQDQoD H GHVtmR (VtUDtpJLFD
38	25.6368	50.0023	TT1	2. Conselho Superior da Receita Pública
38	25.6368	39.2369	TT1	3. Conselho Superior do Tesouro Estadual
38	25.6368	28.4714	C2_1	4. CRQVHOKR GHVtRU GH ,QvHVtLPHQtRV )LQDQFHLURV
38	309.1013	782.8102	TT1	5. Conselho de Contribuintes
38	309.1013	772.0448	C2_1	6. CRPLtr 6HtRULDO GD 5HFHLtD
38	309.1013	761.2793	C2_1	7. CRPLtr GH ,QvHVtLPHQtRV )LQDQFHLURV GR 7HVRXUR
38	309.1013	750.5138	C2_1	1Í9(/ D( D,5(dÃ2 683(5,25
38	309.1013	739.7483	C2_1	1. GDELQHtH GR 6HFUHtiULR GH (VtDGR GH )DzHQGD
38	309.1013	728.9828	C2_0	- 6HFUHtiULR
38	394.6844	728.9828	TT2	DGA-1
38	485.3629	728.9828	TT2	1
38	524.1969	728.9828	TT2	-
38	309.1013	718.2173	C2_1	1.1. GDELQHtH GR 6HFUHtiULR AGMXQtR GR 7HVRXUR (VtDGXDO
38	309.1013	707.4519	C2_0	- 6HFUHtiULR AGMXQtR
38	394.6844	707.4519	TT2	DGA-2
38	485.3629	707.4519	TT2	1
38	524.1969	707.4519	TT2	-
38	309.1013	696.6864	C2_1	1.2. GDELQHtH GR 6HFUHtiULR AGMXQtR GD 5HFHLtD 3úEOLFD
38	309.1013	685.9209	C2_0	- 6HFUHtiULR AGMXQtR
38	394.6844	685.9209	TT2	DGA-2
38	485.3629	685.9209	TT2	1
38	524.1969	685.9209	TT2	-
38	309.1013	675.1554	TT2	- Assessor Executivo I
38	394.6844	675.1554	TT2	DGA-4
38	485.3629	675.1554	TT2	-
38	524.1969	675.1554	TT2	1
38	309.1013	664.39	C2_0	- AVVHVVRU (VSHFLDO ,,
38	394.6844	664.39	TT2	DGA-4
38	485.3629	664.39	TT2	2
38	524.1969	664.39	TT2	-
38	309.1013	653.6245	TT2	- Assessor Executivo II
38	394.6844	653.6245	TT2	DGA-6
38	485.3629	653.6245	TT2	-
38	524.1969	645.2244	TT2	3
38	309.1013	634.459	C2_0	- AVVLVtHQtH 7pFQLFR ,
38	394.6844	634.459	TT2	DGA-8
38	485.3629	634.459	TT2	1
38	524.1969	634.459	TT2	-
38	309.1013	623.6935	TT2	- Assistente Executivo
38	394.6844	623.6935	TT2	DGA-8
38	485.3629	623.6935	TT2	-
38	524.1969	623.6935	TT2	11
38	309.1013	612.928	C2_0	- AVVLVtHQtH 7pFQLFR ,,
38	394.6844	612.928	TT2	DGA-9
38	485.3629	612.928	TT2	1
38	524.1969	612.928	TT2	-
38	309.1013	602.1625	C2_1	1.3. GDELQHtH GR 6HFUHtiULR AGMXQtR GH AGPLQLVtUDomR )DzHQGiULD
38	309.1013	591.397	C2_0	- 6HFUHtiULR AGMXQtR
38	394.6844	591.397	TT2	DGA-2
38	485.3629	591.397	TT2	1
38	524.1969	591.397	TT2	-
38	309.1013	580.6316	C2_0	- AVVHVVRU (VSHFLDO ,
38	394.6844	580.6316	TT2	DGA-2
38	485.3629	580.6316	TT2	1
38	524.1969	580.6316	TT2	-
38	309.1013	569.8661	C2_0	- AVVHVVRU 7pFQLFR ,
38	394.6844	569.8661	TT2	DGA-4
38	485.3629	569.8661	TT2	1
38	524.1969	569.8661	TT2	-
38	309.1013	559.1006	TT2	- Assessor Executivo I
38	394.6844	559.1006	TT2	DGA-4
38	485.3629	559.1006	TT2	-
38	524.1969	559.1006	TT2	1
38	309.1013	548.3351	C2_0	- AVVHVVRU 7pFQLFR ,,,
38	394.6844	548.3351	TT2	DGA-6
38	485.3629	548.3351	TT2	1
38	524.1969	548.3351	TT2	-
38	309.1013	537.5696	TT2	- Assessor Executivo II
38	394.6844	537.5696	TT2	DGA-6
38	485.3629	537.5696	TT2	-
38	524.1969	537.5696	TT2	2
38	309.1013	526.8041	C2_0	- AVVHVVRU 7pFQLFR ,,
38	394.6844	526.8041	TT2	DGA-5
38	485.3629	526.8041	TT2	2
38	524.1969	526.8041	TT2	-
38	309.1013	516.0387	C2_0	- AVVLVtHQtH 7pFQLFR ,
38	394.6844	516.0387	TT2	DGA-8
38	485.3629	516.0387	TT2	2
38	524.1969	516.0387	TT2	-
38	309.1013	505.2732	TT2	- Assistente Executivo
38	394.6844	505.2732	TT2	DGA-8
38	485.3629	505.2732	TT2	-
38	524.1969	505.2732	TT2	8
38	309.1013	494.5077	C2_1	1.4. GDELQHtH GR 6HFUHtiULR AGMXQtR GH 3URMHtRV (VtUDtpJLFRV
38	309.1013	483.7422	C2_0	- 6HFUHtiULR AGMXQtR
38	394.6844	483.7422	TT2	DGA-2
38	485.3629	483.7422	TT2	1
38	524.1969	483.7422	TT2	-
38	309.1013	472.9767	C2_0	- AVVHVVRU 7pFQLFR ,
38	394.6844	472.9767	TT2	DGA-4
38	485.3629	472.9767	TT2	2
38	524.1969	472.9767	TT2	-
38	309.1013	462.2112	C2_0	- AVVHVVRU 7pFQLFR ,,,
38	394.6844	462.2112	TT2	DGA-6
38	485.3629	462.2112	TT2	1
38	524.1969	462.2112	TT2	-
38	309.1013	451.4458	TT2	- Assistente Executivo
38	394.6844	451.4458	TT2	DGA-8
38	485.3629	451.4458	TT2	-
38	524.1969	443.0458	TT2	2
38	309.1013	432.2803	C2_1	1.5. GDELQHtH GR 6HFUHtiULR AGMXQtR GR 2UoDPHQtR (VtDGXDO
38	309.1013	421.5148	C2_0	- 6HFUHtiULR AGMXQtR
38	394.6844	421.5148	TT2	DGA-2
38	485.3629	421.5148	TT2	1
38	524.1969	421.5148	TT2	-
38	309.1013	410.7493	TT2	- Assistente Executivo 
38	394.6844	410.7493	TT2	DGA-8
38	485.3629	410.7493	TT2	-
38	524.1969	410.7493	TT2	1
38	309.1013	399.9838	C2_1	1.6. GDELQHtH GR 6HFUHtiULR AGMXQtR GD CRQtDGRULD GHUDO GR (VtDGR
38	309.1013	389.2184	C2_0	- 6HFUHtiULR AGMXQtR
38	394.6844	389.2184	TT2	DGA-2
38	485.3629	389.2184	TT2	1
38	524.1969	389.2184	TT2	-
38	309.1013	378.4529	TT2	- Assistente Executivo 
38	394.6844	378.4529	TT2	DGA-8
38	485.3629	378.4529	TT2	-
38	524.1969	378.4529	TT2	2
38	309.1013	367.6874	C2_1	1.7. GDELQHtH GR 6HFUHtiULR AGMXQtR GH 7UDQVIRUPDomR DLJLtDO H ,QRvDomR 
38	309.1013	359.2874	C2_1	)DzHQGiULD
38	309.1013	348.5219	C2_0	- 6HFUHtiULR AGMXQtR
38	394.6844	348.5219	TT2	DGA-2
38	485.3629	348.5219	TT2	1
38	524.1969	348.5219	TT2	-
38	309.1013	337.7564	TT2	- Assessor Executivo II
38	394.6844	337.7564	TT2	DGA-6
38	485.3629	337.7564	TT2	-
38	524.1969	337.7564	TT2	1
38	309.1013	326.9909	C2_0	- AVVHVVRU 7pFQLFR ,,
38	394.6844	326.9909	TT2	DGA-5
38	485.3629	326.9909	TT2	-
38	524.1969	326.9909	TT2	1
38	309.1013	316.2255	TT2	- Assistente Executivo
38	394.6844	316.2255	TT2	DGA-8
38	485.3629	316.2255	TT2	-
38	524.1969	316.2255	TT2	1
38	309.1013	297.06	C2_1	1Í9(/ D( A32,2 (675A7eG,C2 ( (63(C,A/,ZAD2
38	309.1013	286.2945	C2_1	1. 1úFOHR GH GHVtmR (VtUDtpJLFD SDUD 5HVXOtDGRV - 1G(5
38	309.1013	275.529	TT2	- Chefe de Unidade I
38	394.6844	275.529	TT2	DGA-3
38	485.3629	275.529	TT2	-
38	524.1969	275.529	TT2	1
38	309.1013	264.7635	TT2	- Assessor Executivo II 
38	394.6844	264.7635	TT2	DGA-6
38	485.3629	264.7635	TT2	-
38	524.1969	264.7635	TT2	1
38	309.1013	253.998	TT2	- Assistente Executivo
38	394.6844	253.998	TT2	DGA-8
38	485.3629	253.998	TT2	-
38	524.1969	253.998	TT2	1
38	309.1013	243.2325	C2_1	2. 8QLGDGH (VtUDtpJLFD GH GHVtmR GH 3URMHtRV
38	309.1013	232.4671	TT2	- Chefe de Unidade I
38	394.6844	232.4671	TT2	DGA-3
38	485.3629	232.4671	TT2	-
38	524.1969	232.4671	TT2	1
38	309.1013	221.7016	C2_1	3. CRUUHJHGRULD )DzHQGiULD
38	309.1013	210.9361	C2_0	- CRUUHJHGRU )DzHQGiULR
38	394.6844	210.9361	TT2	DGA-3
38	485.3629	210.9361	TT2	-
38	524.1969	210.9361	TT2	1
38	309.1013	200.1707	C2_0	- AVVHVVRU 7pFQLFR ,, 
38	394.6844	200.1707	TT2	DGA-5
38	485.3629	200.1707	TT2	1
38	524.1969	200.1707	TT2	-
38	309.1013	189.4052	C2_1	3.1. 8QLGDGH 6HtRULDO GH CRUUHLomR
38	309.1013	178.6396	TT2	- Chefe de Unidade III 
38	394.6844	178.6396	TT2	DGA-5
38	485.3629	178.6396	TT2	1
38	524.1969	178.6396	TT2	-
38	309.1013	167.8742	C2_1	3.2. 8QLGDGH GH ,QVSHomR )DzHQGiULD
38	309.1013	157.1087	TT2	- Chefe de Unidade III 
38	394.6844	157.1087	TT2	DGA-5
38	485.3629	157.1087	TT2	-
38	524.1969	157.1087	TT2	1
38	309.1013	146.3432	C2_1	4. 8QLGDGH GH 2XvLGRULD )DzHQGiULD
38	309.1013	135.5778	C2_0	- 2XvLGRU 6HtRULDO ,,
38	394.6844	135.5778	TT2	DGA-5
38	485.3629	135.5778	TT2	-
38	524.1969	135.5778	TT2	1
38	309.1013	124.8123	C2_1	5. 8QLGDGH 6HtRULDO GH CRQtUROH ,QtHUQR - 81,6(C,
38	309.1013	114.0468	C2_0	- GHVtRU GH 81,6(C,
38	394.6844	114.0468	TT2	DGA-6
38	485.3629	114.0468	TT2	-
38	524.1969	114.0468	TT2	1
38	309.1013	103.2813	C2_1	6. CRPLVVmR GH etLFD
38	309.1013	92.5158	C2_1	7. CRPLVVmR GHVtRUD ,QtHUQD A33
38	309.1013	81.7503	C2_1	8. 8QLGDGH 6HtRULDO GD 3URFXUDGRULD GHUDO GR (VtDGR
38	309.1013	70.9849	TT2	- Chefe de Unidade I
38	394.6844	70.9849	TT2	DGA-3
38	485.3629	70.9849	TT2	-
38	524.1969	70.9849	TT2	1
38	309.1013	60.2194	C2_0	- AVVHVVRU 7pFQLFR ,,
38	394.6844	60.2194	TT2	DGA-5
38	485.3629	60.2194	TT2	4
38	524.1969	60.2194	TT2	-
38	309.1013	49.4539	C2_1	9. 8QLGDGH GH DHVHQvROvLPHQtR GH 1HJyFLR GR 2UoDPHQtR
38	309.1013	38.6884	TT2	- Chefe de Unidade I
38	394.6844	38.6884	TT2	DGA-3
38	485.3629	38.6884	TT2	-
38	524.1969	38.6884	TT2	1
39	531.7446	796.9143	TT0	Página 10  
39	25.6368	782.8102	C2_0	10. 8QLGDGH GH DHVHQvROvLPHQtR GR 1HJyFLR GR 7HVRXUR
39	25.6368	772.0448	TT1	- Chefe de Unidade I
39	111.2199	772.0448	TT1	DGA-3
39	201.8984	772.0448	TT1	-
39	240.7323	772.0448	TT1	1
39	25.6368	761.2793	C2_0	11. 8QLGDGH GH DHVHQvROvLPHQtR GRV 1HJyFLRV GD 5HFHLtD
39	25.6368	750.5138	TT1	- Chefe de Unidade I
39	111.2199	750.5138	TT1	DGA-3
39	201.8984	750.5138	TT1	-
39	240.7323	750.5138	TT1	1
39	25.6368	739.7483	C2_0	12. 8QLGDGH GH DHVHQvROvLPHQtR GR 1HJyFLR GD CRQtDGRULD
39	25.6368	728.9828	TT1	- Chefe de Unidade I
39	111.2199	728.9828	TT1	DGA-3
39	201.8984	728.9828	TT1	-
39	240.7323	728.9828	TT1	1
39	25.6368	718.2173	C2_0	13. 8QLGDGH GH DHVHQvROvLPHQtR GH 1HJyFLR GH 3URMHtRV (VtUDtpJL
39	25.6368	718.2173	C2_0	FRV 
39	25.6368	707.4519	TT1	- Chefe de Unidade I
39	111.2199	707.4519	TT1	DGA-3
39	201.8984	707.4519	TT1	-
39	240.7323	707.4519	TT1	1
39	25.6368	696.6864	C2_0	14. 8QLGDGH GH DHVHQvROvLPHQtR GRV 1HJyFLRV )DzHQGiULRV
39	25.6368	685.9209	TT1	- Chefe de Unidade I
39	111.2199	685.9209	TT1	DGA-3
39	201.8984	685.9209	TT1	-
39	240.7323	685.9209	TT1	1
39	25.6368	675.1554	C2_0	15. 8QLGDGH (xHFXtLvD )DzHQGiULD
39	25.6368	664.39	TT1	- Chefe de Unidade I
39	111.2199	664.39	TT1	DGA-3
39	201.8984	664.39	TT1	-
39	240.7323	664.39	TT1	1
39	25.6368	653.6245	C2_0	16. 8QLGDGH (xHFXtLvD GD 5HFHLtD 3úEOLFD
39	25.6368	642.859	TT1	- Chefe de Unidade I
39	111.2199	642.859	TT1	DGA-3
39	201.8984	642.859	TT1	-
39	240.7323	642.859	TT1	1
39	25.6368	632.0935	C2_0	16.1. 8QLGDGH GH CRQtUROH GH 3URFHVVRV -XGLFLDLV
39	25.6368	621.328	TT1	- Chefe de Unidade III
39	111.2199	621.328	TT1	DGA-5
39	201.8984	621.328	TT1	-
39	240.7323	621.328	TT1	1
39	25.6368	610.5625	C2_0	17. 8QLGDGH (xHFXtLvD GR 7HVRXUR (VtDGXDO
39	25.6368	599.7971	TT1	- Chefe de Unidade I
39	111.2199	599.7971	TT1	DGA-3
39	201.8984	599.7971	TT1	-
39	240.7323	599.7971	TT1	1
39	25.6368	589.0316	C2_0	18. 8QLGDGH GH 3ROttLFD )LQDQFHLUD (VtDGXDO
39	25.6368	578.2661	TT1	- Chefe de Unidade I
39	111.2199	578.2661	TT1	DGA-3
39	201.8984	578.2661	TT1	-
39	240.7323	578.2661	TT1	1
39	25.6368	567.5006	C2_1	- AVVHVVRU 7pFQLFR ,, 
39	111.2199	567.5006	TT1	DGA-5
39	201.8984	567.5006	TT1	1
39	240.7323	567.5006	TT1	-
39	25.6368	556.7351	C2_0	19. 8QLGDGH GH 1RUPDV H ASRLR (VtUDtpJLFR GR 7HVRXUR (VtDGXDO
39	25.6368	545.9696	TT1	- Chefe de Unidade I
39	111.2199	545.9696	TT1	DGA-3
39	201.8984	545.9696	TT1	-
39	240.7323	545.9696	TT1	1
39	25.6368	535.2042	C2_0	20. 8QLGDGH GH 0RGHUQLzDomR H 6ROXoõHV DLJLtDLV GR 7HVRXUR (VtDGXDO
39	25.6368	524.4387	TT1	- Chefe de Unidade I
39	111.2199	524.4387	TT1	DGA-3
39	201.8984	524.4387	TT1	-
39	240.7323	524.4387	TT1	1
39	25.6368	513.6732	C2_0	21. 8QLGDGH GH 5HODoõHV )HGHUDtLvD GR 7HVRXUR (VtDGXDO
39	25.6368	502.9077	TT1	- Chefe de Unidade I
39	111.2199	502.9077	TT1	DGA-3
39	201.8984	502.9077	TT1	-
39	240.7323	502.9077	TT1	1
39	25.6368	492.1422	TT1	- Assistente Executivo 
39	111.2199	492.1422	TT1	DGA-8
39	201.8984	492.1422	TT1	-
39	240.7323	492.1422	TT1	1
39	25.6368	481.3767	C2_0	22. 8QLGDGH GH 3ROttLFD 7ULEXtiULD (VtDGXDO
39	25.6368	470.6113	TT1	Chefe de Unidade I
39	111.2199	470.6113	TT1	DGA-3
39	201.8984	470.6113	TT1	-
39	240.7323	470.6113	TT1	1
39	25.6368	459.8458	C2_0	23. 8QLGDGH GH 5HODoõHV )HGHUDtLvDV )LVFDLV
39	25.6368	449.0803	TT1	- Chefe de Unidade I
39	111.2199	449.0803	TT1	DGA-3
39	201.8984	449.0803	TT1	-
39	240.7323	449.0803	TT1	1
39	25.6368	438.3148	C2_0	24. 8QLGDGH GH ,QtHOLJrQFLD )LVFDO H 2SHUDoõHV (VtUDtpJLFDV
39	25.6368	427.5493	TT1	- Chefe de Unidade I
39	111.2199	427.5493	TT1	DGA-3
39	201.8984	427.5493	TT1	-
39	240.7323	427.5493	TT1	1
39	25.6368	416.7838	C2_0	25. 8QLGDGH GH 3HVTXLVD (FRQôPLFD H AQiOLVH GD 5HFHLtD
39	25.6368	406.0183	TT1	- Chefe de Unidade I
39	111.2199	406.0183	TT1	DGA-3
39	201.8984	406.0183	TT1	-
39	240.7323	406.0183	TT1	1
39	25.6368	395.2529	TT2	26.
39	36.7287	395.2529	C2_0	8QLGDGH GH 6HUvLoRV GH CRPXQLFDomR
39	25.6368	384.4874	TT1	- Chefe de Unidade 
39	25.6368	376.0874	C2_1	(VtUDtpJLFD
39	111.2199	384.4874	TT1	DGA-2
39	201.8984	384.4874	TT1	1
39	240.7323	384.4874	TT1	-
39	25.6368	365.3219	C2_1	- AVVHVVRU (VSHFLDO ,,
39	111.2199	365.3219	TT1	DGA-4
39	201.8984	365.3219	TT1	1
39	240.7323	365.3219	TT1	-
39	25.6368	354.5564	C2_0	27. 8QLGDGH GR CRQtHQFLRVR AGPLQLVtUDtLvR 7ULEXtiULR
39	25.6368	343.791	TT1	- Chefe de Unidade I
39	111.2199	343.791	TT1	DGA-3
39	201.8984	343.791	TT1	-
39	240.7323	343.791	TT1	1
39	25.6368	333.0255	C2_0	27.1. CRRUGHQDGRULD GH -XOJDPHQtR GH ,PSXJQDomR GH CUpGLtR 7ULEXtiULR 
39	25.6368	322.26	TT1	- Coordenador
39	111.2199	322.26	TT1	DGA-5
39	201.8984	322.26	TT1	-
39	240.7323	322.26	TT1	1
39	25.6368	311.4945	C2_0	27.2. CRRUGHQDGRULD GH CRQtUROH H 7UDPLtDomR GH 3URFHVVR AGPLQLVtUDtLvR 
39	25.6368	303.0945	C2_0	7ULEXtiULR
39	25.6368	292.329	TT1	- Coordenador
39	111.2199	292.329	TT1	DGA-5
39	201.8984	292.329	TT1	-
39	240.7323	292.329	TT1	1
39	25.6368	281.5635	C2_0	28. 8QLGDGH (VtUDtpJLFD GH 6XSRUtH j GHVtmR H CRRUGHQDomR GH CR
39	25.6368	281.5635	C2_0	QtDV
39	25.6368	270.798	TT1	- Chefe de Unidade I
39	111.2199	270.798	TT1	DGA-3
39	201.8984	270.798	TT1	-
39	240.7323	270.798	TT1	1
39	25.6368	260.0326	C2_0	29. 8QLGDGH (VtUDtpJLFD GH 7HFQRORJLD GD ,QIRUPDomR GD CRQtDGRULD
39	25.6368	249.2671	TT1	- Chefe de Unidade I
39	111.2199	249.2671	TT1	DGA-3
39	201.8984	249.2671	TT1	-
39	240.7323	249.2671	TT1	1
39	25.6368	238.5016	C2_0	30. 8QLGDGH 0LOLtDU GH 2SHUDoõHV CRQMXQtDV
39	25.6368	227.7361	TT1	- Chefe de Unidade II
39	111.2199	227.7361	TT1	DGA-4
39	201.8984	227.7361	TT1	-
39	240.7323	227.7361	TT1	1
39	25.6368	216.9706	C2_0	31. 8QLGDGH GH CRRUGHQDomR GR 3URJUDPD
39	25.6368	206.2051	C2_1	- AVVHVVRU 7pFQLFR ,,
39	111.2199	206.2051	TT1	DGA-5
39	201.8984	206.2051	TT1	-
39	240.7323	206.2051	TT1	3
39	25.6368	195.4396	C2_0	32. 8QLGDGH GH GHVtmR GH 5LVFRV
39	25.6368	184.6742	TT1	- Chefe de Unidade I
39	111.2199	184.6742	TT1	DGA-3
39	201.8984	184.6742	TT1	-
39	240.7323	184.6742	TT1	1
39	25.6368	173.9087	C2_0	33. 8QLGDGH GH DHVHQvROvLPHQtR GH 1HJyFLRV GH 7HFQRORJLD GD ,QIRUPDomR
39	25.6368	163.1432	TT1	- Chefe de Unidade I
39	111.2199	163.1432	TT1	DGA-3
39	201.8984	163.1432	TT1	-
39	240.7323	163.1432	TT1	1
39	25.6368	152.3777	C2_0	34. 8QLGDGH GH 8QLIRUPLzDomR GH (QtHQGLPHQtRV H 5HVROXomR GH CR
39	25.6368	152.3777	C2_0	QIOLtRV
39	25.6368	141.6122	TT1	- Chefe de Unidade I
39	111.2199	141.6122	TT1	DGA-3
39	201.8984	141.6122	TT1	-
39	240.7323	141.6122	TT1	1
39	25.6368	130.8467	C2_0	34.1. 8QLGDGH GH DLvXOJDomR H CRQVXOtRULD GH 1RUPDV GD 5HFHLtD 
39	25.6368	130.8467	C2_0	3úEOLFD
39	25.6368	120.0813	TT1	- Chefe de Unidade III
39	111.2199	120.0813	TT1	DGA-5
39	201.8984	120.0813	TT1	-
39	240.7323	120.0813	TT1	1
39	25.6368	109.3158	C2_0	35. 8QLGDGH GH GHVtmR GH 3URtHomR GH DDGRV H ,QIRUPDoõHV
39	25.6368	98.5503	TT1	- Chefe de Unidade III
39	111.2199	98.5503	TT1	DGA-5
39	201.8984	98.5503	TT1	-
39	240.7323	98.5503	TT1	1
39	25.6368	87.7849	C2_0	1Í9(/ D( A66(6625A0(172 683(5,25
39	25.6368	77.0193	C2_0	1. GDELQHtH GH DLUHomR
39	25.6368	66.2538	TT1	- Chefe de Gabinete
39	111.2199	66.2538	TT1	DGA-4
39	201.8984	66.2538	TT1	1
39	240.7323	66.2538	TT1	-
39	25.6368	55.4884	C2_1	- AVVHVVRU 7pFQLFR ,,
39	111.2199	55.4884	TT1	DGA-5
39	201.8984	55.4884	TT1	-
39	240.7323	55.4884	TT1	1
39	25.6368	44.7229	C2_1	- AVVHVVRU 7pFQLFR ,,,
39	111.2199	44.7229	TT1	DGA-6
39	201.8984	44.7229	TT1	1
39	240.7323	44.7229	TT1	-
39	25.6368	33.9574	C2_0	2. 8QLGDGH GH AVVHVVRULD
39	309.1013	782.8102	C2_1	- AVVHVVRU (VSHFLDO ,,
39	394.6844	782.8102	TT1	DGA-4
39	485.3629	782.8102	TT1	3
39	524.1969	782.8102	TT1	-
39	309.1013	772.0448	C2_1	- AVVHVVRU 7pFQLFR ,
39	394.6844	772.0448	TT1	DGA-4
39	485.3629	772.0448	TT1	3
39	524.1969	772.0448	TT1	-
39	309.1013	761.2793	C2_1	- AVVHVVRU 7pFQLFR ,,
39	394.6844	761.2793	TT1	DGA-5
39	485.3629	761.2793	TT1	7
39	524.1969	761.2793	TT1	-
39	309.1013	750.5138	C2_1	- AVVHVVRU 7pFQLFR ,,,
39	394.6844	750.5138	TT1	DGA-6
39	485.3629	750.5138	TT1	14
39	524.1969	750.5138	TT1	-
39	309.1013	739.7483	C2_1	- AVVLVtHQtH 7pFQLFR ,
39	394.6844	739.7483	TT1	DGA-8
39	485.3629	739.7483	TT1	4
39	524.1969	739.7483	TT1	-
39	309.1013	728.9828	C2_1	- AVVLVtHQtH 7pFQLFR ,,
39	394.6844	728.9828	TT1	DGA-9
39	485.3629	728.9828	TT1	1
39	524.1969	728.9828	TT1	-
39	309.1013	718.2173	TT1	- Assistente de Direção
39	394.6844	718.2173	TT1	DGA-10
39	485.3629	718.2173	TT1	-
39	524.1969	718.2173	TT1	1
39	309.1013	707.4519	C2_1	- /tGHU GH (TXLSH
39	394.6844	707.4519	TT1	DGA-10
39	485.3629	707.4519	TT1	-
39	524.1969	707.4519	TT1	21
39	309.1013	696.6864	C2_0	1Í9(/ D( AD0,1,675AdÃ2 6,67Ç0,CA
39	309.1013	685.9209	C2_0	1. 6XSHULQtHQGrQFLD GH GHVtmR GH 3HVVRDV
39	309.1013	675.1554	C2_1	- 6XSHULQtHQGHQtH
39	394.6844	675.1554	TT1	DGA-3
39	485.3629	675.1554	TT1	1
39	524.1969	675.1554	TT1	-
39	309.1013	664.39	C2_0	1.1. CRRUGHQDGRULD GH 3URvLPHQtR H ASOLFDomR
39	309.1013	653.6245	TT1	- Coordenador
39	394.6844	653.6245	TT1	DGA-5
39	485.3629	653.6245	TT1	1
39	524.1969	653.6245	TT1	-
39	309.1013	642.859	C2_0	1.2. CRRUGHQDGRULD GH 0DQXtHQomR
39	309.1013	632.0935	TT1	- Coordenador
39	394.6844	632.0935	TT1	DGA-5
39	485.3629	632.0935	TT1	1
39	524.1969	632.0935	TT1	-
39	309.1013	621.328	TT2	1.3. Coordenadoria de Desenvolvimento 
39	309.1013	610.5625	TT1	- Coordenador
39	394.6844	610.5625	TT1	DGA-5
39	485.3629	610.5625	TT1	1
39	524.1969	610.5625	TT1	-
39	309.1013	599.7971	TT2	1.4. Coordenadoria de Saúde no Trabalho e Qualidade de Vida
39	309.1013	589.0316	TT1	- Coordenador
39	394.6844	589.0316	TT1	DGA-5
39	485.3629	572.2316	TT1	1
39	524.1969	589.0316	TT1	-
39	309.1013	561.4661	C2_0	1.5. CRRUGHQDGRULD GH (VFROD )DzHQGiULD
39	309.1013	550.7006	TT1	- Coordenador
39	394.6844	550.7006	TT1	DGA-5
39	485.3629	550.7006	TT1	1
39	524.1969	550.7006	TT1	-
39	309.1013	539.9351	C2_0	2. 6XSHULQtHQGrQFLD GH 2UoDPHQtR, )LQDQoDV H CRQtDELOLGDGH 
39	309.1013	529.1696	C2_1	- 6XSHULQtHQGHQtH
39	394.6844	529.1696	TT1	DGA-3
39	485.3629	529.1696	TT1	1
39	524.1969	529.1696	TT1	-
39	309.1013	518.4042	C2_1	- AVVHVVRU 7pFQLFR ,,,
39	394.6844	518.4042	TT1	DGA-6
39	485.3629	518.4042	TT1	1
39	524.1969	518.4042	TT1	-
39	309.1013	507.6387	C2_0	2.1. CRRUGHQDGRULD GH 2UoDPHQtR
39	309.1013	496.8732	TT1	- Coordenador
39	394.6844	496.8732	TT1	DGA-5
39	485.3629	496.8732	TT1	1
39	524.1969	496.8732	TT1	-
39	309.1013	486.1077	C2_0	2.2. CRRUGHQDGRULD )LQDQFHLUD
39	309.1013	475.3422	TT1	- Coordenador
39	394.6844	475.3422	TT1	DGA-5
39	485.3629	475.3422	TT1	1
39	524.1969	475.3422	TT1	-
39	309.1013	464.5767	C2_0	2.3. CRRUGHQDGRULD CRQtiELO
39	309.1013	453.8112	TT1	- Coordenador
39	394.6844	453.8112	TT1	DGA-5
39	485.3629	453.8112	TT1	1
39	524.1969	453.8112	TT1	-
39	309.1013	443.0458	C2_0	3. 6XSHULQtHQGrQFLD GH ATXLVLoõHV H CRQtUDtRV
39	309.1013	432.2803	C2_1	- 6XSHULQtHQGHQtH
39	394.6844	432.2803	TT1	DGA-3
39	485.3629	432.2803	TT1	1
39	524.1969	432.2803	TT1	-
39	309.1013	421.5148	C2_1	- 3UHJRHLUR
39	394.6844	421.5148	TT1	DGA-5
39	485.3629	421.5148	TT1	-
39	524.1969	421.5148	TT1	2
39	309.1013	410.7493	C2_0	3.1. CRRUGHQDGRULD GH ATXLVLoõHV
39	309.1013	399.9838	TT1	- Coordenador
39	394.6844	399.9838	TT1	DGA-5
39	485.3629	399.9838	TT1	1
39	524.1969	399.9838	TT1	-
39	309.1013	389.2184	C2_0	3.2. CRRUGHQDGRULD GH CRQtUDtRV H GHVtmR GH AtDV GH 5HJLVtUR GH 3UHoR
39	309.1013	378.4529	TT1	- Coordenador
39	394.6844	378.4529	TT1	DGA-5
39	485.3629	378.4529	TT1	1
39	524.1969	378.4529	TT1	-
39	309.1013	367.6874	C2_0	4. 6XSHULQtHQGrQFLD GH 3DtULPôQLR H 6HUvLoRV
39	309.1013	356.9219	C2_1	- 6XSHULQtHQGHQtH
39	394.6844	356.9219	TT1	DGA-3
39	485.3629	356.9219	TT1	1
39	524.1969	356.9219	TT1	-
39	309.1013	346.1564	C2_0	4.1. CRRUGHQDGRULD GH 3DtULPôQLR 0RELOLiULR H 0DtHULDLV 
39	309.1013	335.3909	TT1	- Coordenador
39	394.6844	335.3909	TT1	DGA-5
39	485.3629	335.3909	TT1	1
39	524.1969	335.3909	TT1	-
39	309.1013	324.6255	TT2	4.2. Coordenadoria de Mercadorias Apreendidas
39	309.1013	313.86	TT1	- Coordenador
39	394.6844	313.86	TT1	DGA-5
39	485.3629	313.86	TT1	1
39	524.1969	313.86	TT1	-
39	309.1013	303.0945	TT2	4.3. Coordenadoria de Arquivo e Documentos Digitais
39	309.1013	292.329	TT1	- Coordenador
39	394.6844	292.329	TT1	DGA-5
39	485.3629	292.329	TT1	1
39	524.1969	292.329	TT1	-
39	309.1013	281.5635	C2_0	4.4. CRRUGHQDGRULD GH 6HUvLoRV H 7UDQVSRUtHV
39	309.1013	270.798	TT1	- Coordenador
39	394.6844	270.798	TT1	DGA-5
39	485.3629	270.798	TT1	1
39	524.1969	270.798	TT1	-
39	309.1013	260.0326	C2_0	5. 6XSHULQtHQGrQFLD GH ,QIUDHVtUXtXUD H 3DtULPôQLR ,PRELOLiULR
39	309.1013	249.2671	C2_1	- 6XSHULQtHQGHQtH
39	394.6844	249.2671	TT1	DGA-3
39	485.3629	249.2671	TT1	1
39	524.1969	249.2671	TT1	-
39	309.1013	238.5016	C2_0	5.1 CRRUGHQDGRULD GH 3ODQHMDPHQtR GH ,QIUDHVtUXtXUD
39	309.1013	227.7361	TT1	- Coordenador
39	394.6844	227.7361	TT1	DGA-5
39	485.3629	227.7361	TT1	1
39	524.1969	227.7361	TT1	-
39	309.1013	216.9706	C2_0	5.2 CRRUGHQDGRULD GH (xHFXomR GH ,QIUDHVtUXtXUD
39	309.1013	206.2051	TT1	- Coordenador
39	394.6844	206.2051	TT1	DGA-5
39	485.3629	206.2051	TT1	1
39	524.1969	206.2051	TT1	-
39	309.1013	195.4396	C2_0	6. 6XSHULQtHQGrQFLD GH 7HFQRORJLD GD ,QIRUPDomR
39	309.1013	184.6742	C2_1	- 6XSHULQtHQGHQtH
39	394.6844	184.6742	TT1	DGA-3
39	485.3629	184.6742	TT1	1
39	524.1969	184.6742	TT1	-
39	309.1013	173.9087	C2_0	6.1 CRRUGHQDGRULD GH 6LVtHPDV )DzHQGiULRV
39	309.1013	163.1432	TT1	- Coordenador
39	394.6844	163.1432	TT1	DGA-5
39	485.3629	163.1432	TT1	1
39	524.1969	163.1432	TT1	-
39	309.1013	152.3777	C2_0	6.2 CRRUGHQDGRULD GD ,QIUDHVtUXtXUD GH 7,
39	309.1013	141.6122	TT1	- Coordenador
39	394.6844	141.6122	TT1	DGA-5
39	485.3629	141.6122	TT1	1
39	524.1969	141.6122	TT1	-
39	309.1013	130.8467	C2_0	6.3 CRRUGHQDGRULD GH 6HUvLoRV GH 7,
39	309.1013	120.0813	TT1	- Coordenador
39	394.6844	120.0813	TT1	DGA-5
39	485.3629	120.0813	TT1	1
39	524.1969	120.0813	TT1	-
39	309.1013	109.3158	C2_0	6.4. CRRUGHQDGRULD GH GHVtmR GH DDGRV H AUTXLtHtXUD GH 6RItwDUH
39	309.1013	98.5503	TT1	- Coordenador 
39	394.6844	98.5503	TT1	DGA-5
39	485.3629	98.5503	TT1	1
39	524.1969	98.5503	TT1	-
39	309.1013	87.7849	C2_0	6.5. CRRUGHQDGRULD GH 6LVtHPDV ,QIRUPDtLzDGRV GD 5HFHLtD
39	309.1013	77.0193	TT1	- Coordenador 
39	394.6844	77.0193	TT1	DGA-5
39	485.3629	77.0193	TT1	1
39	524.1969	77.0193	TT1	-
39	309.1013	66.2538	C2_0	7. 6XSHULQtHQGrQFLD GH 6HUvLoRV DLJLtDLV H ,QRvDomR
39	309.1013	55.4884	C2_1	- 6XSHULQtHQGHQtH
39	394.6844	55.4884	TT1	DGA-3
39	485.3629	55.4884	TT1	1
39	524.1969	55.4884	TT1	-
39	309.1013	44.7229	C2_0	7.1 CRRUGHQDGRULD GH (xHFXomR GH 6HUvLoRV DLJLtDLV
39	309.1013	33.9574	TT1	- Coordenador
39	394.6844	33.9574	TT1	DGA-5
39	485.3629	33.9574	TT1	1
39	524.1969	33.9574	TT1	-
40	532.1528	796.9786	TT0	Página 11  
40	25.6368	782.8102	C2_0	7.2. CRRUGHQDGRULD GH 3ODQHMDPHQtR GH ATXLVLoõHV GH 7,
40	25.6368	772.0448	TT1	- Coordenador
40	111.2199	772.0448	TT1	DGA-5
40	201.8984	772.0448	TT1	1
40	240.7324	772.0448	TT1	-
40	25.6368	761.2793	C2_0	1Í9(/ D( (;(C8dÃ2 352G5A0Á7,CA
40	25.6368	750.5138	C2_0	1. 6XSHULQtHQGrQFLD GH GHVtmR )LQDQFHLUD GR 7HVRXUR
40	25.6368	739.7483	C2_1	- 6XSHULQtHQGHQtH
40	111.2199	739.7483	TT1	DGA-3
40	201.8984	739.7483	TT1	-
40	240.7324	739.7483	TT1	1
40	25.6368	728.9828	C2_0	1.1. CRRUGHQDGRULD GH GHVtmR GH 3URJUDPDomR H GRV 5HSDVVHV )LQD
40	25.6368	728.9828	C2_0	QFHLURV
40	25.6368	718.2173	TT1	- Coordenador
40	111.2199	718.2173	TT1	DGA-5
40	201.8984	718.2173	TT1	-
40	240.7324	718.2173	TT1	1
40	25.6368	707.4519	C2_0	1.2 CRRUGHQDGRULD GH GHVtmR GR 5HJLVtUR GD 5HFHLtD (VtDGXDO
40	25.6368	696.6864	TT1	- Coordenador
40	111.2199	696.6864	TT1	DGA-5
40	201.8984	696.6864	TT1	-
40	240.7324	696.6864	TT1	1
40	25.6368	685.9209	TT2	1.3 Coordenadoria de Controle das Disponibilidades do Estado
40	25.6368	675.1554	TT1	- Coordenador
40	111.2199	675.1554	TT1	DGA-5
40	201.8984	675.1554	TT1	-
40	240.7324	675.1554	TT1	1
40	25.6368	664.39	C2_0	1.4. CRRUGHQDGRULD GH (xHFXomR )LQDQFHLUD GR 7HVRXUR
40	25.6368	653.6245	TT1	- Coordenador
40	111.2199	653.6245	TT1	DGA-5
40	201.8984	653.6245	TT1	-
40	240.7324	653.6245	TT1	1
40	25.6368	642.859	C2_0	1.5. CRRUGHQDGRULD GH ,QvHVtLPHQtRV )LQDQFHLURV GR 7HVRXUR
40	25.6368	632.0935	TT1	- Coordenador
40	111.2199	632.0935	TT1	DGA-5
40	201.8984	632.0935	TT1	-
40	240.7324	632.0935	TT1	1
40	25.6368	621.328	C2_0	2. 6XSHULQtHQGrQFLD GH AGPLQLVtUDomR GH 2EUDV H CRQvrQLRV
40	25.6368	610.5625	C2_1	- 6XSHULQtHQGHQtH
40	111.2199	610.5625	TT1	DGA-3
40	201.8984	610.5625	TT1	-
40	240.7324	610.5625	TT1	1
40	25.6368	599.7971	C2_0	2.1. CRRUGHQDGRULD GH GHVtmR )LQDQFHLUD GH 2EUDV
40	25.6368	589.0316	TT1	- Coordenador
40	111.2199	589.0316	TT1	DGA-5
40	201.8984	589.0316	TT1	-
40	240.7324	589.0316	TT1	1
40	25.6368	578.2661	C2_0	2.2. CRRUGHQDGRULD GH GHVtmR GRV CRQvrQLRV GH ,QJUHVVR
40	25.6368	567.5006	TT1	- Coordenador
40	111.2199	567.5006	TT1	DGA-5
40	201.8984	567.5006	TT1	-
40	240.7324	567.5006	TT1	1
40	25.6368	556.7351	C2_0	2.3. CRRUGHQDGRULD GH CHOHEUDomR H AFRPSDQKDPHQtR GH CRQvrQLRV GH DHVFHQ
40	278.8976	556.7351	TT2	-
40	25.6368	548.3351	C2_0	tUDOLzDomR
40	25.6368	537.5696	TT1	- Coordenador
40	111.2199	537.5696	TT1	DGA-5
40	201.8984	537.5696	TT1	-
40	240.7324	537.5696	TT1	1
40	25.6368	526.8041	C2_0	3. 6XSHULQtHQGrQFLD GH 2EULJDoõHV )LQDQFHLUDV GR 7HVRXUR
40	25.6368	516.0387	C2_1	- 6XSHULQtHQGHQtH
40	111.2199	516.0387	TT1	DGA-3
40	201.8984	516.0387	TT1	-
40	240.7324	516.0387	TT1	1
40	25.6368	505.2732	C2_0	3.1. CRRUGHQDGRULD GH GHVtmR GD DtvLGD 3úEOLFD
40	25.6368	494.5077	TT1	- Coordenador
40	111.2199	494.5077	TT1	DGA-5
40	201.8984	494.5077	TT1	-
40	240.7324	494.5077	TT1	1
40	25.6368	483.7422	C2_0	3.2. CRRUGHQDGRULD GH (xLJtvHLV H 5HDOLzivHLV GR 7HVRXUR
40	25.6368	472.9767	TT1	- Coordenador
40	111.2199	472.9767	TT1	DGA-5
40	201.8984	472.9767	TT1	-
40	240.7324	472.9767	TT1	1
40	25.6368	462.2112	C2_0	3.3. CRRUGHQDGRULD GH GHVtmR GDV 2EULJDoõHV 7ULEXtiULDV GR (VtDGR
40	25.6368	451.4458	TT1	- Coordenador
40	111.2199	451.4458	TT1	DGA-5
40	201.8984	451.4458	TT1	-
40	240.7324	451.4458	TT1	1
40	25.6368	440.6803	C2_0	4. CRRUGHQDGRULD GH 3ODQHMDPHQtR H GHVtmR GH 6LVtHPDV CRQtiELO
40	25.6368	429.9148	TT1	- Coordenador
40	111.2199	429.9148	TT1	DGA-5
40	201.8984	429.9148	TT1	-
40	240.7324	429.9148	TT1	1
40	25.6368	419.1493	C2_0	5. CRRUGHQDGRULD GH 1RUPDV H AFRPSDQKDPHQtR )LVFDO
40	25.6368	408.3839	TT1	- Coordenador
40	111.2199	408.3839	TT1	DGA-5
40	201.8984	408.3839	TT1	-
40	240.7324	399.9839	TT1	1
40	25.6368	389.2184	C2_0	6. CRRUGHQDGRULD GH CRQFLOLDomR H 3UHVtDomR GH CRQtDV
40	25.6368	378.4529	TT1	- Coordenador
40	111.2199	378.4529	TT1	DGA-5
40	201.8984	378.4529	TT1	-
40	240.7324	378.4529	TT1	1
40	25.6368	367.6874	C2_0	7. CRRUGHQDGRULD GH AFRPSDQKDPHQtR GH (xHFXomR, 2UoDPHQtiULD )LQDQFHLUD H 
40	25.6368	359.2874	C2_0	CRQtiELO
40	25.6368	348.5219	TT1	- Coordenador
40	111.2199	348.5219	TT1	DGA-5
40	201.8984	348.5219	TT1	-
40	240.7324	348.5219	TT1	1
40	25.6368	337.7564	C2_0	8. CRRUGHQDGRULD GH DHVHQvROvLPHQtR H 6XVtHQtDomR GR ),3/A1
40	25.6368	326.9909	TT1	- Coordenador
40	111.2199	326.9909	TT1	DGA-5
40	201.8984	326.9909	TT1	-
40	240.7324	326.9909	TT1	1
40	25.6368	316.2255	C2_0	9. 6XSHULQtHQGrQFLD GH ,QIRUPDoõHV GD 5HFHLtD 3úEOLFD
40	25.6368	305.46	C2_1	- 6XSHULQtHQGHQtH
40	111.2199	305.46	TT1	DGA-3
40	201.8984	305.46	TT1	-
40	240.7324	305.46	TT1	1
40	25.6368	294.6945	C2_0	9.1. CRRUGHQDGRULD GH DRFXPHQtRV H DHFODUDoõHV )LVFDLV
40	25.6368	283.929	TT1	- Coordenador
40	111.2199	283.929	TT1	DGA-5
40	201.8984	283.929	TT1	-
40	240.7324	283.929	TT1	1
40	25.6368	273.1635	TT2	9.2. Coordenadoria de Cadastro 
40	25.6368	262.3981	TT1	- Coordenador
40	111.2199	262.3981	TT1	DGA-5
40	201.8984	262.3981	TT1	-
40	240.7324	262.3981	TT1	1
40	25.6368	251.6326	C2_0	9.3. CRRUGHQDGRULD GH 5HVtLtXLoõHV H 5HJLVtUR GD 5HFHLtD 3úEOLF
40	25.6368	251.6326	C2_0	D
40	25.6368	240.8671	TT1	- Coordenador
40	111.2199	240.8671	TT1	DGA-5
40	201.8984	240.8671	TT1	-
40	240.7324	240.8671	TT1	1
40	25.6368	230.1016	TT2	9.4. Coordenadoria de Conta Corrente 
40	25.6368	219.3361	TT1	- Coordenador
40	111.2199	219.3361	TT1	DGA-5
40	201.8984	219.3361	TT1	-
40	240.7324	219.3361	TT1	1
40	25.6368	208.5706	C2_0	10. 6XSHULQtHQGrQFLD GH CRQtUROH H 0RQLtRUDPHQtR
40	25.6368	197.8052	C2_1	- 6XSHULQtHQGHQtH
40	111.2199	197.8052	TT1	DGA-3
40	201.8984	197.8052	TT1	-
40	240.7324	197.8052	TT1	1
40	25.6368	187.0397	C2_0	10.1. CRRUGHQDGRULD GH CRQtUROH GH DHFODUDoõHV 
40	25.6368	176.2742	TT1	- Coordenador
40	111.2199	176.2742	TT1	DGA-5
40	201.8984	176.2742	TT1	-
40	240.7324	176.2742	TT1	1
40	25.6368	165.5087	C2_0	10.2. CRRUGHQDGRULD GH CRQtUROH GH CRPpUFLR (xtHULRU, BHQHItFLRV )LVFDLV H 
40	25.6368	157.1087	TT2	Regimes Especiais
40	25.6368	146.3432	TT1	- Coordenador
40	111.2199	146.3432	TT1	DGA-5
40	201.8984	146.3432	TT1	-
40	240.7324	146.3432	TT1	1
40	25.6368	135.5778	TT2	10.3. Coordenadoria de Monitoramento Eletrônico
40	25.6368	124.8123	TT1	- Coordenador
40	111.2199	124.8123	TT1	DGA-5
40	201.8984	124.8123	TT1	-
40	240.7324	124.8123	TT1	1
40	25.6368	114.0468	TT2	10.4. Coordenadoria de Controle de Combustíveis e Biocombustíveis
40	25.6368	103.2813	TT1	- Coordenador
40	111.2199	103.2813	TT1	DGA-5
40	201.8984	103.2813	TT1	-
40	240.7324	103.2813	TT1	1
40	25.6368	92.5158	C2_0	11. 6XSHULQtHQGrQFLD GH )LVFDOLzDomR
40	25.6368	81.7503	C2_1	- 6XSHULQtHQGHQtH
40	111.2199	81.7503	TT1	DGA-3
40	201.8984	81.7503	TT1	-
40	240.7324	81.7503	TT1	1
40	25.6368	70.9849	C2_0	11.1. CRRUGHQDGRULD GH )LVFDOLzDomR 9RODQtH HP 3RVtRV )LVFDLV H 7UDQVSRUtDGRUDV
40	25.6368	60.2194	TT1	- Coordenador
40	111.2199	60.2194	TT1	DGA-5
40	201.8984	60.2194	TT1	-
40	240.7324	60.2194	TT1	1
40	25.6368	49.4539	C2_0	11.2. CRRUGHQDGRULD GH )LVFDOLzDomR GH CRPEXVttvHO, CRPpUFLR H 6HUvLoRV
40	25.6368	38.6884	TT1	- Coordenador
40	111.2199	38.6884	TT1	DGA-5
40	201.8984	38.6884	TT1	-
40	240.7324	38.6884	TT1	1
40	309.1013	782.8102	C2_0	11.3. CRRUGHQDGRULD GH )LVFDOLzDomR GH ,QGúVtULD H AJURQHJyFLRV
40	309.1013	772.0448	TT1	- Coordenador
40	394.6844	772.0448	TT1	DGA-5
40	485.3629	772.0448	TT1	-
40	524.1969	772.0448	TT1	1
40	309.1013	761.2793	C2_0	11.4. CRRUGHQDGRULD GH AXGLtRULD CRQtiELO H )LQDQFHLUD
40	309.1013	750.5138	TT1	- Coordenador
40	394.6844	750.5138	TT1	DGA-5
40	485.3629	750.5138	TT1	-
40	524.1969	750.5138	TT1	1
40	309.1013	739.7483	C2_0	11.5. CRRUGHQDGRULD GD CRQIRUPLGDGH H GD 5HSUHVHQtDomR )LVFDO
40	309.1013	728.9828	TT1	- Coordenador
40	394.6844	728.9828	TT1	DGA-5
40	485.3629	728.9828	TT1	-
40	524.1969	728.9828	TT1	1
40	309.1013	718.2173	C2_0	12. 6XSHULQtHQGrQFLD GR 2UoDPHQtR (VtDGXDO
40	309.1013	707.4519	C2_1	- 6XSHULQtHQGHQtH
40	394.6844	707.4519	TT1	DGA-3
40	485.3629	707.4519	TT1	-
40	524.1969	707.4519	TT1	1
40	309.1013	696.6864	C2_0	12.1. CRRUGHQDGRULD GH GHVtmR GD (xHFXomR 2UoDPHQtiULD ,
40	309.1013	685.9209	TT1	- Coordenador
40	394.6844	685.9209	TT1	DGA-5
40	485.3629	685.9209	TT1	-
40	524.1969	685.9209	TT1	1
40	309.1013	675.1554	C2_0	12.2. CRRUGHQDGRULD GH GHVtmR GD (xHFXomR 2UoDPHQtiULD ,,
40	309.1013	664.39	TT1	- Coordenador
40	394.6844	664.39	TT1	DGA-5
40	485.3629	664.39	TT1	-
40	524.1969	664.39	TT1	1
40	309.1013	653.6245	C2_0	13. 6XSHULQtHQGrQFLD GH GHVtmR GH 3URMHtRV (VtUDtpJLFRV
40	309.1013	642.859	C2_1	- 6XSHULQtHQGHQtH
40	394.6844	642.859	TT1	DGA-3
40	485.3629	642.859	TT1	-
40	524.1969	642.859	TT1	1
40	309.1013	632.0935	C2_0	13.1. CRRUGHQDGRULD GH (xHFXomR GH 3URGXtRV (VtUDtpJLFRV
40	309.1013	621.328	TT1	- Coordenador
40	394.6844	621.328	TT1	DGA-5
40	485.3629	621.328	TT1	-
40	524.1969	621.328	TT1	1
40	309.1013	610.5625	C2_0	13.2. CRRUGHQDGRULD GH 3URMHtRV GH ,QtHOLJrQFLD AUtLILFLDO 
40	309.1013	599.7971	TT1	- Coordenador
40	394.6844	599.7971	TT1	DGA-5
40	485.3629	599.7971	TT1	-
40	524.1969	599.7971	TT1	1
40	309.1013	589.0316	C2_0	13.3. CRRUGHQDGRULD GH ,PSOHPHQtDomR GD 5HIRUPD 7ULEXtiULD
40	309.1013	578.2661	TT1	- Coordenador
40	394.6844	578.2661	TT1	DGA-5
40	485.3629	578.2661	TT1	-
40	524.1969	578.2661	TT1	1
40	309.1013	567.5006	C2_0	14. 6XSHULQtHQGrQFLD GH AtHQGLPHQtR DR CRQtULEXLQtH
40	309.1013	556.7351	C2_1	-
40	309.1013	556.7351	C2_1	6XSHULQtHQ
40	377.2667	556.7351	TT1	-
40	309.1013	548.3351	TT1	dente
40	394.6844	556.7351	TT1	DGA-3
40	485.3629	556.7351	TT1	-
40	524.1969	556.7351	TT1	1
40	309.1013	537.5696	C2_0	14.1. CRRUGHQDGRULD GR ,39A
40	309.1013	526.8041	TT1	- Coordenador
40	394.6844	526.8041	TT1	DGA-5
40	485.3629	526.8041	TT1	-
40	524.1969	526.8041	TT1	1
40	309.1013	516.0387	C2_0	14.2. CRRUGHQDGRULD GR ,7CD H 2XtUDV 5HFHLtDV
40	309.1013	505.2732	TT1	- Coordenador
40	394.6844	505.2732	TT1	DGA-5
40	485.3629	505.2732	TT1	-
40	524.1969	505.2732	TT1	1
40	309.1013	494.5077	TT2	14.3. Coordenadoria de Atendimento Remoto
40	309.1013	483.7422	TT1	- Coordenador
40	394.6844	483.7422	TT1	DGA-5
40	485.3629	483.7422	TT1	-
40	524.1969	483.7422	TT1	1
40	309.1013	472.9767	C2_0	14.4. CRRUGHQDGRULD GH 3URPRomR GD 5HJXODULGDGH )LVFDO
40	309.1013	462.2112	TT1	- Coordenador
40	394.6844	462.2112	TT1	DGA-5
40	485.3629	462.2112	TT1	-
40	524.1969	462.2112	TT1	1
40	309.1013	451.4458	C2_0	15. 6XSHULQtHQGrQFLD GH (VtXGRV H 3ROttLFDV 2UoDPHQtiULDV
40	309.1013	440.6803	C2_1	- 6XSHULQtHQGHQtH
40	394.6844	440.6803	TT1	DGA-3
40	485.3629	440.6803	TT1	-
40	524.1969	440.6803	TT1	1
40	309.1013	429.9148	C2_0	1Í9(/ D( AD0,1,675AdÃ2 5(G,21A/,ZADA
40	309.1013	419.1493	TT2	1. Coordenadoria Metropolitana de Atendimento ao Contribuinte
40	309.1013	408.3839	TT1	- Coordenador 
40	394.6844	408.3839	TT1	DGA-5
40	485.3629	408.3839	TT1	-
40	524.1969	408.3839	TT1	1
40	309.1013	397.6183	TT2	2. Coordenadoria Regional Sul de Atendimento ao Contribuinte
40	309.1013	386.8529	TT1	- Coordenador
40	394.6844	386.8529	TT1	DGA-5
40	485.3629	386.8529	TT1	-
40	524.1969	386.8529	TT1	1
40	309.1013	376.0874	TT2	3. Coordenadoria Regional Oeste de Atendimento ao Contribuinte
40	309.1013	365.3219	TT1	- Coordenador
40	394.6844	365.3219	TT1	DGA-5
40	485.3629	365.3219	TT1	1
40	524.1969	365.3219	TT1	-
40	309.1013	354.5564	TT2	4. Coordenadoria Regional Noroeste de Atendimento ao Contribuinte
40	309.1013	343.791	TT1	- Coordenador
40	394.6844	343.791	TT1	DGA-5
40	485.3629	343.791	TT1	-
40	524.1969	343.791	TT1	1
40	309.1013	333.0255	TT2	5. Coordenadoria Regional Norte de Atendimento ao Contribuinte
40	309.1013	322.26	TT1	- Coordenador
40	394.6844	322.26	TT1	DGA-5
40	485.3629	322.26	TT1	-
40	524.1969	322.26	TT1	1
40	309.1013	311.4945	TT2	6. Coordenadoria Regional Leste de Atendimento ao Contribuinte
40	309.1013	300.729	TT1	- Coordenador
40	394.6844	300.729	TT1	DGA-5
40	485.3629	300.729	TT1	-
40	524.1969	300.729	TT1	1
40	309.1013	289.9635	C2_0	68B727A/
40	485.3629	289.9635	TT2	97
40	524.1969	289.9635	TT2	154
40	309.1013	279.1981	TT2	TOTAL
40	485.3629	279.1981	TT2	251
40	309.1014	226.1001	C2_0	A1(;2 ,,
40	309.1014	215.3346	C2_0	48A17,7A7,92 D( CA5G26 (0 C20,66Ã2 ( )81dÕ(6 D( C21),A1dA 
40	309.1014	206.9346	C2_0	AG583AD26 325 6,0B2/2G,A 5(081(5A7Ó5,A
40	309.1014	187.7691	C2_0	6,0B2/2G,A 5(081(5A7Ó5,A
40	469.9283	187.7691	TT2	CARGO
40	524.84	187.7691	C2_0	)81dÃ2
40	309.1014	177.0036	TT1	DGA 1
40	469.9283	177.0036	TT1	1
40	524.84	177.0036	TT1	-
40	309.1014	166.2381	TT1	DGA 2
40	469.9283	166.2381	TT1	9
40	524.84	166.2381	TT1	-
40	309.1014	155.4726	TT1	DGA 3
40	469.9283	155.4726	TT1	7
40	524.84	155.4726	TT1	37
40	309.1014	144.7072	TT1	DGA 4
40	469.9283	144.7072	TT1	13
40	524.84	144.7072	TT1	3
40	309.1014	133.9417	TT1	DGA 5
40	469.9283	133.9417	TT1	40
40	524.84	133.9417	TT1	57
40	309.1014	123.1762	TT1	DGA 6
40	469.9283	123.1762	TT1	18
40	524.84	123.1762	TT1	8
40	309.1014	112.4107	TT1	DGA 7
40	469.9283	112.4107	TT1	-
40	524.84	112.4107	TT1	-
40	309.1014	101.6452	TT1	DGA 8
40	469.9283	101.6452	TT1	7
40	524.84	101.6452	TT1	27
40	309.1014	90.8797	TT1	DGA 9
40	469.9283	90.8797	TT1	2
40	524.84	90.8797	TT1	-
40	309.1014	80.1143	TT1	DGA 10
40	469.9283	80.1143	TT1	-
40	524.84	80.1143	TT1	22
40	309.1014	69.3488	C2_0	68B727A/
40	469.9283	69.3488	TT2	97
40	524.84	69.3488	TT2	154
40	309.1014	58.5833	TT2	TOTAL
40	469.9283	58.5833	TT2	251
40	306.1417	37.0824	TT1	<#E.G.B#1853071#11#1880207/>
40	510.7366	25.5118	TT2	Protocolo 1853071
46	531.7446	796.9143	TT0	Página 12  
46	98.4226	774.112	C2_0	AD0,1,675AdÃ2 ,1D,5(7A
46	22.6772	747.3752	TT1	AGER
46	75.5202	728.2802	C2_0	AGÇ1C,A (67AD8A/ D( 5(G8/AdÃ2
46	22.6772	713.1934	TT2	<#E.G.B#1852723#12#1879843>
46	22.6772	703.2372	C2_0	AGÇ1C,A (67AD8A/ D( 5(G8/AdÃ2 D26 6(59,d26 3ÚB/,C26 
46	22.6772	693.2809	TT1	DELEGADOS DO ESTADO DE MATO GROSSO - AGER/MT
46	22.6772	683.3246	C2_0	(55A7A DA A7A DA 15ª 5(81,Ã2 25D,1Á5,A D(/,B(5A7,9A DA 
46	22.6772	673.3683	TT1	AGER/MT DO ANO DE 2026
46	22.6772	663.4121	C2_1	1D SXEOLFDomR GD 
46	90.511	663.4121	C2_0	A7A DA 15ª 5(81,Ã2 25D,1Á5,A D(/,B(5A7,9A 
46	22.6772	653.4558	TT1	DA AGER
46	59.8383	653.4558	TT2	/
46	62.0609	653.4558	TT1	MT DO ANO DE 2026
46	142.2717	653.4558	C2_1	, UHDOLzDGD QR DLiULR 2fiFLDO GR (VtDGR GH 
46	22.6772	643.4995	C2_1	0DtR GURVVR Qº 29.314, GR GLD 11 GH VHtHPEUR GH 2026, 3iJLQDV 71 D 73, 
46	22.6772	633.5433	C2_1	3URtRFROR 1852089:
46	306.1417	785.0419	C2_0	21D( 6( /Ç:
46	306.1417	765.0046	C2_1	“... (DVVLQDGR GLJLtDOPHQtH) :LOEHU 1RULR 2KDUD DLUHtRU 5HJXODGRU GH (QHUJLD 
46	306.1417	754.986	TT2	e Ferrovia ...
46	306.1417	734.9486	C2_0	/(,A-6(:
46	306.1417	714.9113	TT3	(Suprimir o nome e a assinatura do Diretor Regulador de Energia e Ferrovia, 
46	306.1417	704.8926	TT3	Wilber Norio Ohara, do rol de assinantes da referida Ata, por não ter 
46	306.1417	694.8739	TT3	constado como assinante presencial/participante no cabeçalho do ato)\.
46	306.1417	684.8552	C2_1	CXLDEi-07, 11 GH VHtHPEUR GH 2026.
46	398.0146	664.8179	TT3	(assinado digitalmente)
46	399.2939	654.7993	TT1	Luis Alberto Nespolo
46	376.0048	644.7806	C2_1	3UHVLGHQtH 5HJXODGRU GD AG(5/07
46	306.1417	642.1619	TT2	<#E.G.B#1852723#12#1879843/>
46	510.7366	633.5433	TT1	Protocolo 1852723
46	65.4514	559.4247	T1_0	Governo do Estado de Mato Grosso
46	65.4514	559.4247	T1_1	Secretaria de Estado de Planejamento e Gestão
46	65.4514	559.4247	T1_1	SUPERINTENDÊNCIA DA IMPRENSA OFICIAL 
46	65.4514	559.4247	T1_1	DO ESTADO DE MATO GROSSO
46	65.4514	559.4247	T1_0	CENTRO POLÍTICO ADMINISTRATIVO
46	65.4514	559.4247	T1_0	R
46	65.4514	559.4247	T1_0	ua Júlio Domingos de Campos
46	65.4514	559.4247	T1_0	CEP 78050-970 - Cuiabá - Mato Grosso
46	65.4514	559.4247	T1_0	CNPJ(MF) 58.337.873/0001-74
46	65.4514	559.4247	T1_1	Portal da IOMAT: 
46	65.4514	559.4247	T1_0	www.iomat.mt.gov.br
46	65.4514	559.4247	T1_1	Portal do Governo de Mato Grosso: 
46	65.4514	559.4247	T1_0	www.mt.gov.br
46	324.6089	613.631	T1_1	ORIENTAÇÃO PARA PUBLICAÇÃO
46	254.8348	605.3375	T1_0	Nos termos da 
46	254.8348	605.3375	T1_1	Instrução Normativa nº 006/2024/SEPLAG
46	254.8348	605.3375	T1_0	, publicada no Diário Ocial de 25 de julho de 2024, com as 
46	254.8348	605.3375	T1_0	alterações promovidas pela 
46	254.8348	605.3375	T1_1	Instrução Normativa nº 001/2026/SEPLAG
46	254.8348	605.3375	T1_0	, publicada em 9 de março de 2026:
46	254.8348	605.3375	T1_0	- 
46	254.8348	605.3375	T1_1	Órgãos e entidades do Poder Executivo Estadual
46	254.8348	605.3375	T1_0	 deverão encaminhar as matérias pelo sistema 
46	254.8348	605.3375	T1_1	IOMATNET
46	254.8348	605.3375	T1_0	, até as 
46	254.8348	605.3375	T1_1	18h
46	254.8348	605.3375	T1_0	.
46	254.8348	605.3375	T1_0	- As matérias de 
46	254.8348	605.3375	T1_1	terceiros
46	254.8348	605.3375	T1_0	 poderão ser encaminhadas pelo e-mail 
46	254.8348	605.3375	T1_1	publica@iomat.mt.gov.br
46	254.8348	605.3375	T1_0	, até as 
46	254.8348	605.3375	T1_1	16h
46	254.8348	605.3375	T1_0	, observados os 
46	254.8348	605.3375	T1_0	prazos para elaboração do orçamento, pagamento e conrmação da arrecadação.
46	254.8348	605.3375	T1_0	- Os arquivos de texto deverão ser enviados nos formatos 
46	254.8348	605.3375	T1_1	DOC, DOCX ou RTF
46	254.8348	605.3375	T1_0	. O formato 
46	254.8348	605.3375	T1_1	PDF
46	254.8348	605.3375	T1_0	 será admitido 
46	254.8348	605.3375	T1_0	exclusivamente para a publicação de balanços.
46	254.8348	605.3375	T1_0	As matérias encaminhadas para publicação deverão estar em conformidade com as disposições da Lei Federal nº 13.709, 
46	254.8348	605.3375	T1_0	de 14 de agosto de 2018 (Lei Geral de Proteção de Dados - LGPD), sendo o conteúdo integralmente de responsabilidade 
46	254.8348	605.3375	T1_0	do respectivo publicador.
46	344.6179	504.952	T1_1	ATENDIMENTO EXTERNO
46	276.5271	496.6585	T1_0	Atendimento realizado 
46	276.5271	496.6585	T1_1	de segunda a sexta-feira, das 8h às 17h (exceto feriados e pontos facultativos)
46	276.5271	496.6585	T1_0	.
46	276.5271	496.6585	T1_1	Telefone geral:
46	276.5271	496.6585	T1_0	 (65) 3613-8000
46	276.5271	496.6585	T1_1	Publicações:
46	276.5271	496.6585	T1_0	 (65) 3613-8003 ou (65) 3613-8004
46	276.5271	496.6585	T1_1	Suporte:
46	276.5271	496.6585	T1_0	 (65) 3613-8002
46	276.5271	496.6585	T1_1	WhatsApp:
46	276.5271	496.6585	T1_0	 (65) 99699-7970 (gerência de publicações) / (65) 98432-0066 (superintendência da IOMAT)
46	276.5271	496.6585	T1_1	E-mail para publicações:
46	276.5271	496.6585	T1_0	 publica@iomat.mt.gov.br
46	276.5271	496.6585	T1_1	E-mail para suporte:
46	276.5271	496.6585	T1_0	 suporte@iomat.mt.gov.br
46	44.1596	222.7918	TT4	Limitando, qual novo colosso,
46	44.1596	222.7918	TT4	O ocidente do imenso Brasil,
46	44.1596	222.7918	C2_2	(LV DTXL, VHPSUH HP flRU, 0DtR GURVVR,
46	44.1596	222.7918	TT4	Nosso berço glorioso e gentil!
46	44.1596	222.7918	TT4	Eis a terra das minas faiscantes,
46	44.1596	222.7918	TT4	Eldorado como outros não há
46	44.1596	222.7918	TT4	Que o valor de imortais bandeirantes
46	44.1596	222.7918	TT4	Conquistou ao feroz Paiaguás!
46	44.1596	222.7918	TT4	Salve, terra de amor, terra do ouro,
46	44.1596	222.7918	C2_2	4XH VRQKDUD 0RUHLUD CDEUDO!
46	44.1596	222.7918	TT4	Chova o céu dos seus dons o tesouro
46	44.1596	222.7918	TT4	Sobre ti, bela terra natal!
46	44.1596	222.7918	TT4	Terra noiva do Sol! Linda terra!
46	44.1596	222.7918	TT4	A quem lá, do teu céu todo azul,
46	44.1596	222.7918	TT4	Beija, ardente, o astro louro, na serra
46	44.1596	222.7918	TT4	E abençoa o Cruzeiro do Sul!
46	44.1596	222.7918	TT4	No teu verde planalto escampado,
46	44.1596	222.7918	TT4	E nos teus pantanais como o mar,
46	44.1596	222.7918	TT4	Vive solto aos milhões, o teu gado,
46	44.1596	222.7918	TT4	Em mimosas pastagens sem par!
46	44.1596	222.7918	TT4	Salve, terra de amor, terra do ouro,
46	44.1596	222.7918	C2_2	4XH VRQKDUD 0RUHLUD CDEUDO!
46	44.1596	222.7918	TT4	Chova o céu dos seus dons o tesouro
46	44.1596	222.7918	TT4	Sobre ti, bela terra natal!
46	231.2245	259.3199	T1_2	HINO DE MATO GROSSO
46	221.3416	240.2294	T1_0	Decreto Nº 208 de 05 de setembro de 1983
46	221.3416	240.2294	T1_0	Letra de Dom Francisco de Aquino Corrêa e música do maestro Emílio Heine
46	194.8466	114.607	T1_2	HINO À BANDEIRA DE MATO GROSSO
46	113.5545	95.5165	T1_0	Letra e música dos autores: Abel Santos Anjos Filho, Tânia Domingas do Nascimento e Hudson C. Rocha
46	51.3062	86.9416	T1_0	Uma radiante estrela exalta o céu anil
46	51.3062	86.9416	T1_0	Fulgura na imensidão do meu Brasil
46	51.3062	86.9416	T1_0	Constelação de áurea cultura e glórias mil
46	51.3062	86.9416	T1_0	Do bravo heróico bandeirante varonil 
46	51.3062	86.9416	T1_0	Que descobrindo a extensa mata sobranceira
46	51.3062	86.9416	T1_0	Do Centro Oeste, imensa gleba brasileira
46	51.3062	86.9416	T1_0	Trouxe esperança à juventude altaneira
46	51.3062	86.9416	T1_0	Delimitando a esfera verde da bandeira. 
46	318.495	222.7918	C2_2	HpvHD fiQD, HUvD-PDtH SUHFLRVD,
46	318.495	222.7918	C2_2	3DOPDV PLO, VmR tHXV ULFRV flRUõHV;
46	318.495	222.7918	C2_2	( GD IDXQD H GD flRUD R tQGLR JRzD,
46	318.495	222.7918	TT4	A opulência em teus virgens sertões.
46	318.495	222.7918	TT4	O diamante sorri nas grupiaras
46	318.495	222.7918	C2_2	DRV tHXV ULRV TXH MRUUDP, D flXx.
46	318.495	222.7918	TT4	A hulha branca das águas tão claras,
46	318.495	222.7918	TT4	Em cascatas de força e de luz!
46	318.495	222.7918	TT4	Salve, terra de amor, terra do ouro,
46	318.495	222.7918	C2_2	4XH VRQKDUD 0RUHLUD CDEUDO!
46	318.495	222.7918	TT4	Chova o céu dos seus dons o tesouro
46	318.495	222.7918	TT4	Sobre ti, bela terra natal!
46	318.495	222.7918	C2_2	DRV tHXV EUDvRV D JOyULD VH HxSDQGH
46	318.495	222.7918	TT4	De Dourados até Corumbá,
46	318.495	222.7918	C2_2	2 RXUR GHX-tH UHQRPH tmR JUDQGH,
46	318.495	222.7918	TT4	Porém mais nosso amor te dará!
46	318.495	222.7918	TT4	Ouve, pois, nossas juras solenes
46	318.495	222.7918	TT4	De fazermos em paz e união,
46	318.495	222.7918	C2_2	7HX SURJUHVVR LPRUtDO FRPR D IrQLx
46	318.495	222.7918	TT4	Que ainda timbra o teu nobre brasão!
46	318.495	222.7918	TT4	Salve, terra de amor, terra de ouro,
46	318.495	222.7918	C2_2	4XH VRQKDUD 0RUHLUD CDEUDO!
46	318.495	222.7918	TT4	Chova o céu dos seus dons o tesouro
46	318.495	222.7918	TT4	Sobre ti, bela terra natal!
46	425.5627	86.9416	T1_0	No céu estampas o matiz patriarcal
46	425.5627	86.9416	T1_0	E ao Sol fulguras belo esplêndido ideal
46	425.5627	86.9416	T1_0	Na Terra semeando a paz universal
46	425.5627	86.9416	T1_0	Para colhermos um futuro sem igual. 
46	425.5627	86.9416	T1_0	Erga aos céus oh! estandarte
46	425.5627	86.9416	T1_0	De amor e união
46	425.5627	86.9416	T1_0	Mato Grosso feliz
46	425.5627	86.9416	T1_0	Do Brasil é o verde coração.
46	252.6187	86.9416	T1_0	Erga aos céus oh! estandarte
46	252.6187	86.9416	T1_0	De amor e união
46	252.6187	86.9416	T1_0	Mato Grosso feliz
46	252.6187	86.9416	T1_0	Do Brasil é o verde coração. 
46	252.6187	86.9416	T1_0	Belo pendão que ostenta o branco da pureza
46	252.6187	86.9416	T1_0	Losango lar da paz e feminil grandeza.
46	252.6187	86.9416	T1_0	Teu manto azul é o céu que encobre a natureza
46	252.6187	86.9416	T1_0	De um Mato Grosso emoldurado de beleza. 
46	48.0128	384.6927	TT4	Ouviram do Ipiranga as margens plácidas
46	48.0128	384.6927	TT4	De um povo heróico o brado retumbante,
46	48.0128	384.6927	TT4	E o sol da Liberdade, em raios fúlgidos,
46	48.0128	384.6927	TT4	Brilhou no céu da Pátria nesse instante.
46	48.0128	384.6927	TT4	Se o penhor dessa igualdade
46	48.0128	384.6927	TT4	Conseguimos conquistar com braço forte,
46	48.0128	384.6927	TT4	Em teu seio, ó Liberdade,
46	48.0128	384.6927	C2_2	DHVDfiD R QRVVR SHLtR D SUySULD PRUtH!
46	48.0128	384.6927	TT4	Ó Pátria amada, Idolatrada, Salve! Salve!
46	48.0128	384.6927	C2_2	BUDVLO, XP VRQKR LQtHQVR, XP UDLR vtvLGR
46	48.0128	384.6927	TT4	De amor e de esperança à terra desce,
46	48.0128	384.6927	C2_2	6H HP tHX IRUPRVR FpX, ULVRQKR H OtPSLGR,
46	48.0128	384.6927	TT4	A imagem do Cruzeiro resplandece.
46	251.4442	413.4583	T1_2	HINO NACIONAL
46	155.3102	394.3679	T1_0	Letra de Joaquim Osório Duque Estrada e música de Francisco Manoel da Silva
46	250.3572	384.6927	C2_2	GLJDQtH SHOD SUySULD QDtXUHzD,
46	250.3572	384.6927	TT4	És belo, és forte, impávido colosso,
46	250.3572	384.6927	TT4	E o teu futuro espelha essa grandeza
46	250.3572	384.6927	TT4	Terra adorada, Entre outras mil,
46	250.3572	384.6927	TT4	És tu, Brasil, Ó Pátria amada!
46	250.3572	384.6927	C2_2	DRV fiOKRV GHVtH VROR pV PmH JHQtLO,
46	250.3572	384.6927	TT4	Pátria amada, Brasil!
46	250.3572	384.6927	TT4	Deitado eternamente em berço esplêndido,
46	250.3572	384.6927	TT4	Ao som do mar e à luz do céu profundo,
46	250.3572	384.6927	C2_2	)XOJXUDV, y BUDVLO, flRUmR GD APpULFD,
46	250.3572	384.6927	C2_2	,OXPLQDGR DR VRO GR 1RvR 0XQGR!
46	250.3572	384.6927	TT4	Do que a terra mais garrida
46	250.3572	384.6927	C2_2	7HXV ULVRQKRV, OLQGRV FDPSRV trP PDLV flRUHV;
46	250.3572	384.6927	TT4	Nossos bosques têm mais vida,
46	250.3572	384.6927	TT4	Nossa vida no teu seio mais amores.
46	250.3572	384.6927	TT4	Ó Pátria amada, Idolatrada, Salve! Salve!
46	250.3572	384.6927	C2_2	BUDVLO, GH DPRU HtHUQR VHMD VtPEROR
46	250.3572	384.6927	TT4	O lábaro que ostentas estrelado,
46	250.3572	384.6927	C2_2	( GLJD R vHUGH-ORXUR GHVtD flkPXOD
46	250.3572	384.6927	TT4	Paz no futuro e glória no passado.
46	250.3572	384.6927	C2_2	0DV, VH HUJXHV GD MXVtLoD D FODvD IRUtH,
46	250.3572	384.6927	C2_2	9HUiV TXH XP fiOKR tHX QmR IRJH j OXtD,
46	250.3572	384.6927	TT4	Nem teme, quem te adora, a própria morte!
46	250.3572	384.6927	TT4	Terra adorada Entre outras mil,
46	250.3572	384.6927	TT4	És tu, Brasil, Ó Pátria amada!
46	250.3572	384.6927	C2_2	DRV fiOKRV GHVtH VROR pV PmH JHQtLO,
46	250.3572	384.6927	TT4	Pátria amada, 
46	250.3572	384.6927	TT4	Brasil!
70	135.8977	663.5608	TT0	DECRETO
70	22.6772	646.4587	TT1	<#E.G.B#1853066#1#1880204>
70	35.9641	636.1371	TT0	DECRETO Nº   2.252,   DE      11       DE     SETEMBRO  DE 2026.
70	136.9272	616.0939	TT0	Dispõe sobre a Estrutura Organizacional 
70	136.9272	606.0724	C2_0	GD 3HUtFLD 2fiFLDO H ,GHQtLfiFDomR 7pFQLFD 
70	136.9272	596.0508	C2_0	- 32/,7(C, D UHGLVtULEXLomR GH FDUJRV 
70	136.9272	586.0292	C2_0	HP FRPLVVmR H IXQoõHV GH FRQfiDQoD.
70	48.0772	565.986	TT0	O GOVERNADOR DO ESTADO DE MATO GROSSO
70	244.0251	565.986	TT1	, no uso das 
70	22.6772	555.9644	TT1	atribuições que lhe confere o art. 66, incisos III e V, da Constituição Estadual, 
70	22.6772	545.9428	TT1	tendo em vista o que consta nos Processo POLITEC-PRO-2026/00995;
70	54.9272	525.8997	TT0	D E C R E T A:
71	0	0		Art.
71	69.5963	505.8565	TT0	1º
71	76.9674	505.8565	C2_1	 À 3HUtFLD 2fiFLDO H ,GHQtLfiFDomR 7pFQLFD - 32/,7(C, FRPSHtH 
71	22.6772	495.8349	C2_1	UHDOLzDU DV SHUtFLDV GH FULPLQDOtVtLFD, GH PHGLFLQD OHJDO H GH RGRQtRORJLD 
71	22.6772	485.8133	C2_1	OHJDO, UHDOLzDU RV VHUvLoRV GH LGHQtLfiFDomR FLvLO H FULPLQDO H tDPEpP, SHUtFLDV 
71	22.6772	475.7917	C2_1	DXxLOLDUHV j SURSRVLomR GH DoõHV FLvLV SúEOLFDV
71	54.4272	455.7485	TT0	Art.
71	73.3319	455.7485	TT0	2º
72	22.6772	445.7269		2fiFLDO H ,GHQtLfiFDomR 7pFQLFD - 32/,7(C GH DFRUGR FRP R TXH GLVSõH: /HL 
72	22.6772	435.7054		CRPSOHPHQtDU Qº 13, GH 16 GH MDQHLUR GH 1992, /HL CRPSOHPHQtDU Qº 391, GH 
72	22.6772	425.6838		27 GH DEULO GH 2010, /HL CRPSOHPHQtDU Qº 266, GH 29 GH GHzHPEUR GH 2006, 
72	22.6772	415.6622		/HL CRPSOHPHQtDU Qº 506, GH 11 GH VHtHPEUR GH 2013, /HL CRPSOHPHQtDU 
73	22.6772	395.619		CRPSOHPHQtDU Qº 662, GH 14 GH PDLR GH 2020, /HL CRPSOHPHQtDU Qº 755, 
73	22.6772	385.5974		GH 12 GH MDQHLUR GH 2023,  /HL CRPSOHPHQtDU Qº 799, GH 04 GH GHzHPEUR GH 
73	22.6772	375.5758		2024, /HL Q.º 13.252, GH 25 GH PDUoR GH 2026 H /HL CRPSOHPHQtDU Qº 846 
73	22.6772	365.5543		GH 09 GH MXQKR GH 2026.
73	54.4272	345.5111	TT0	Art.
73	72.2184	345.5111	TT0	3º
73	79.5895	345.5111	C2_1	 A (VtUXtXUD 2UJDQLzDFLRQDO EiVLFD H VHtRULDO GD 3HUtFLD 
74	0	0		2fiFLDO H ,GHQtLfiFDomR 7pFQLFD - 32/,7(C FRPSUHHQGH DV VHJXLQtHV 
74	22.6772	325.4679		XQLGDGHV DGPLQLVtUDtLvDV:
74	54.4272	305.1247	C2_0	, - 1Í9(/ D( 
74	102.7319	305.1247	C2_0	D(C,6Ã2 C2/(G,ADA
74	54.4272	294.8031	C2_1	1. CRQVHOKR GH 3ROttLFD CLHQttfiFD H 7HFQROyJLFD
74	337.8917	674.4907	C2_0	,, - 1Í9(/ D( D,5(dÃ2 683(5,25
74	337.8917	664.499	TT1	1. Diretoria-Geral da POLITEC
74	337.8917	654.5071	C2_1	1.1. DLUHtRULD-GHUDO AGMXQtD GD 32/,7(C
74	337.8917	634.5236	C2_0	,,, - 1Í9(/ D( A32,2 (675A7eG,C2 ( (63(C,A/,ZAD2
74	337.8917	624.5319	C2_1	1. CRUUHJHGRULD-GHUDO GD 32/,7(C
74	337.8917	614.54	TT1	2. Ouvidoria da POLITEC
75	337.8917	604.5483	C2_1	2.1. 1úFOHR GH AtHQGLPHQtR DR CLGDGmR
75	337.8917	594.5565	TT1	3. Comissão de Ética
75	337.8917	584.5647	TT1	4. Unidade de Gestão Executiva
75	337.8917	574.5729	C2_1	5. CRRUGHQDGRULD GH ,QtHOLJrQFLD H 6HJXUDQoD 2UJkQLFD
75	337.8917	564.5812	C2_1	5.1. 1úFOHR GH ,QtHOLJrQFLD
75	337.8917	554.5894	C2_1	5.2. 1úFOHR GH 6HJXUDQoD 2UJkQLFD
75	337.8917	544.5976	C2_1	6. DLUHtRULD GH AoõHV (VtUDtpJLFDV
75	337.8917	534.6058	C2_1	6.1. CRRUGHQDGRULD GD AFDGHPLD GH CLrQFLDV )RUHQVHV
75	337.8917	524.614	C2_1	6.1.1. GHUrQFLD GH )RUPDomR ,QLFLDO H CRQtLQXDGD
75	337.8917	514.6223	C2_1	6.1.2. 1úFOHR GH 3HVTXLVD (xSHULPHQtDO
75	337.8917	504.6305	C2_1	6.1.3. 1úFOHR GH (GXFDomR )tVLFD
76	337.8917	494.6387		6.2. CRRUGHQDGRULD GH 3ODQHMDPHQtR (VtUDtpJLFR
76	337.8917	484.6469		6.2.1. GHUrQFLD GH 3URMHtRV H ,QRvDomR
76	337.8917	474.6552	TT1	6.3. Coordenadoria de Qualidade
76	337.8917	464.6634	C2_1	6.3.1. GHUrQFLD GH CHUtLfiFDomR GH (TXLSDPHQtRV
76	337.8917	454.6716	C2_1	6.3.2. 1úFOHR GH 1RUPDV H 3URFHGLPHQtRV
76	337.8917	444.6798	C2_1	6.3.3. 1úFOHR GH ,QIRUPDoõHV ,QVtLtXFLRQDLV
76	337.8917	424.6963	C2_0	,9 - 1Í9(/ D( A66(6625A0(172 683(5,25
76	337.8917	414.7045	TT1	1. Gabinete de Direção
76	337.8917	404.7127	TT1	2. Unidade de Assessoria
76	337.8917	394.7209	C2_1	3. 8QLGDGH (VtUDtpJLFD CRQVXOtLvD GH 6HJXUDQoD 3úEOLFD
77	338.3917	364.7456	C2_1	1. DLUHtRULD GH AGPLQLVtUDomR 6LVtrPLFD
77	337.8417	354.7538	C2_1	1.1. GHUrQFLD GH 6XSRUtH j GHVtmR GH 3HVVRDV
77	338.3917	344.762	C2_1	1.2. CRRUGHQDGRULD GH 3DtULPôQLR H 6HUvLoRV
77	338.3917	334.7702	C2_1	1.2.1. GHUrQFLD GH 7UDQVSRUtH
77	338.3917	324.7785	C2_1	1.2.2. GHUrQFLD GH 3DtULPôQLR
77	338.3917	314.7867	C2_1	1.2.3. GHUrQFLD GH AOPRxDULIDGR
77	338.3917	304.7949	C2_1	1.2.4. GHUrQFLD GH 0DtHULDLV BpOLFRV
77	337.8917	294.8031	C2_1	1.2.5. GHUrQFLD GH 3URtRFROR H AUTXLvR